"Date","Price","Open","High","Low","Vol.","Change %"
"06/30/2026","22,995.65","23,074.15","23,088.95","22,932.05","3.19B","-0.02%"
"06/29/2026","23,000.00","23,112.60","23,148.75","22,943.85","4.21B","-0.49%"
"06/25/2026","23,113.70","23,224.40","23,289.95","23,093.90","2.76B","-0.05%"
"06/24/2026","23,126.30","22,992.90","23,183.60","22,941.05","2.84B","0.50%"
"06/23/2026","23,010.95","23,260.00","23,302.25","22,976.95","2.97B","-1.08%"
"06/22/2026","23,261.85","23,240.90","23,289.75","23,213.85","2.63B","0.51%"
"06/19/2026","23,144.20","23,082.70","23,174.65","23,023.35","3.65B","-0.27%"
"06/18/2026","23,206.45","23,129.90","23,221.35","23,090.35","3.45B","0.42%"
"06/17/2026","23,109.70","23,048.70","23,120.90","22,990.95","3.95B","0.49%"
"06/16/2026","22,997.25","22,962.45","23,009.40","22,902.35","3.26B","0.46%"
"06/15/2026","22,891.30","22,955.80","23,019.45","22,859.65","3.43B","1.29%"
"06/12/2026","22,599.80","22,376.45","22,618.70","22,295.15","3.53B","2.19%"
"06/11/2026","22,114.45","22,128.55","22,258.90","22,063.75","3.14B","-0.54%"
"06/10/2026","22,233.85","22,377.00","22,455.90","22,200.35","3.08B","-0.61%"
"06/09/2026","22,370.15","22,298.85","22,390.50","22,233.45","3.63B","0.89%"
"06/08/2026","22,173.70","22,191.55","22,357.70","22,119.30","2.88B","-1.30%"
"06/05/2026","22,465.35","22,569.45","22,614.65","22,379.05","3.45B","-0.14%"
"06/04/2026","22,497.70","22,362.40","22,559.85","22,328.35","3.65B","0.20%"
"06/03/2026","22,451.85","22,488.15","22,505.00","22,202.60","4.10B","-0.31%"
"06/02/2026","22,521.10","22,302.05","22,563.25","22,253.00","3.61B","0.37%"
"06/01/2026","22,437.95","22,760.80","22,810.20","22,414.80","3.71B","-0.97%"
"05/29/2026","22,657.00","23,012.80","23,075.25","22,598.45","6.72B","-1.35%"
"05/27/2026","22,967.40","22,895.75","22,999.45","22,886.45","4.58B","0.31%"
"05/26/2026","22,897.20","22,925.65","23,015.00","22,858.20","3.18B","-0.14%"
"05/25/2026","22,929.45","22,859.50","22,949.95","22,849.10","3.02B","1.23%"
"05/22/2026","22,651.30","22,639.70","22,727.90","22,604.80","2.87B","0.21%"
"05/21/2026","22,602.85","22,745.90","22,781.00","22,557.00","3.39B","0.11%"
"05/20/2026","22,578.15","22,379.85","22,597.65","22,316.45","2.87B","0.25%"
"05/19/2026","22,521.75","22,501.15","22,646.65","22,485.45","3.61B","0.27%"
"05/18/2026","22,461.05","22,382.00","22,494.10","22,150.50","3.43B","-0.31%"
"05/15/2026","22,531.15","22,664.40","22,710.85","22,502.60","4.04B","-0.36%"
"05/14/2026","22,613.10","22,505.00","22,675.80","22,338.65","3.41B","1.05%"
"05/13/2026","22,377.35","22,292.15","22,532.00","22,208.50","4.06B","0.35%"
"05/12/2026","22,299.90","22,728.70","22,768.10","22,270.95","3.75B","-2.18%"
"05/11/2026","22,795.75","22,957.40","22,962.15","22,777.45","4.34B","-1.38%"
"05/08/2026","23,115.65","23,166.05","23,185.65","23,080.30","2.96B","-0.42%"
"05/07/2026","23,214.00","23,219.35","23,304.50","23,142.45","3.27B","0.35%"
"05/06/2026","23,133.40","22,978.95","23,150.90","22,849.95","3.85B","1.43%"
"05/05/2026","22,808.25","22,796.65","22,842.25","22,672.80","3.34B","-0.10%"
"05/04/2026","22,830.75","22,783.80","22,954.30","22,709.75","3.87B","0.65%"
"04/30/2026","22,683.55","22,736.80","22,759.00","22,498.00","3.11B","-0.82%"
"04/29/2026","22,871.00","22,875.30","23,026.95","22,825.15","3.37B","0.46%"
"04/28/2026","22,765.60","22,808.15","22,904.00","22,733.90","3.21B","-0.24%"
"04/27/2026","22,821.40","22,645.85","22,853.85","22,640.85","2.85B","1.11%"
"04/24/2026","22,570.05","22,788.80","22,872.05","22,472.50","2.73B","-1.06%"
"04/23/2026","22,810.85","22,873.15","22,957.60","22,788.60","2.97B","-0.79%"
"04/22/2026","22,991.50","22,975.85","23,054.50","22,923.55","3.27B","-0.22%"
"04/21/2026","23,042.35","22,898.95","23,064.35","22,893.60","3.15B","0.77%"
"04/20/2026","22,865.80","22,906.65","22,987.60","22,717.55","3.28B","-0.02%"
"04/17/2026","22,869.40","22,660.55","22,882.15","22,605.15","4.04B","0.94%"
"04/16/2026","22,656.30","22,757.05","22,792.25","22,529.65","3.83B","0.27%"
"04/15/2026","22,595.55","22,506.95","22,621.90","22,496.75","3.71B","1.88%"
"04/13/2026","22,179.05","21,906.15","22,244.90","21,816.35","3.37B","-0.75%"
"04/10/2026","22,346.75","22,151.05","22,364.30","22,133.15","3.88B","1.40%"
"04/09/2026","22,037.50","22,090.70","22,189.50","21,943.20","3.71B","-0.45%"
"04/08/2026","22,137.10","21,998.60","22,159.50","21,952.40","3.99B","3.95%"
"04/07/2026","21,296.45","21,085.30","21,313.10","20,959.35","2.59B","0.48%"
"04/06/2026","21,194.05","20,990.85","21,217.95","20,789.45","3.22B","1.22%"
"04/02/2026","20,938.35","20,666.70","20,990.05","20,385.65","3.43B","0.02%"
"04/01/2026","20,935.15","21,067.15","21,153.25","20,867.40","3.30B","1.98%"
"03/30/2026","20,528.05","20,762.35","20,889.25","20,490.45","3.48B","-2.34%"
"03/27/2026","21,020.15","21,357.35","21,364.35","21,007.15","3.58B","-2.13%"
"03/25/2026","21,478.20","21,236.25","21,612.45","21,236.05","2.93B","1.95%"
"03/24/2026","21,067.00","21,045.45","21,183.15","20,743.90","2.83B","1.95%"
"03/23/2026","20,664.25","21,079.60","21,090.05","20,611.80","3.14B","-3.11%"
"03/20/2026","21,327.90","21,349.95","21,558.00","21,294.85","3.70B","0.48%"
"03/19/2026","21,225.80","21,466.40","21,562.80","21,156.20","3.29B","-3.16%"
"03/18/2026","21,917.40","21,721.45","21,990.40","21,713.40","2.90B","1.14%"
"03/17/2026","21,669.30","21,585.05","21,729.65","21,446.15","2.52B","0.79%"
"03/16/2026","21,498.80","21,355.95","21,593.25","21,110.00","3.22B","0.50%"
"03/13/2026","21,391.20","21,763.25","21,780.75","21,351.10","3.11B","-2.31%"
"03/12/2026","21,897.50","21,888.40","22,059.60","21,703.90","3.03B","-0.66%"
"03/11/2026","22,042.30","22,351.85","22,440.90","22,009.30","2.36B","-1.35%"
"03/10/2026","22,342.95","22,310.80","22,385.65","22,141.85","2.39B","1.30%"
"03/09/2026","22,056.55","21,995.15","22,090.70","21,743.15","2.56B","-1.89%"
"03/06/2026","22,481.30","22,621.55","22,701.60","22,456.45","2.32B","-0.95%"
"03/05/2026","22,697.80","22,536.75","22,760.85","22,468.20","2.71B","1.29%"
"03/04/2026","22,409.80","22,438.00","22,517.40","22,283.15","3.23B","-1.87%"
"03/02/2026","22,835.95","22,547.00","22,992.35","22,539.65","2.89B","-1.43%"
"02/27/2026","23,166.85","23,423.95","23,433.55","23,136.75","3.69B","-1.20%"
"02/26/2026","23,448.50","23,462.05","23,502.95","23,340.75","2.55B","0.19%"
"02/25/2026","23,403.80","23,388.45","23,500.10","23,325.90","2.27B","0.43%"
"02/24/2026","23,304.60","23,418.10","23,418.10","23,168.05","2.54B","-0.77%"
"02/23/2026","23,484.95","23,493.30","23,566.85","23,394.25","2.55B","0.38%"
"02/20/2026","23,395.00","23,252.75","23,467.40","23,221.15","1.78B","0.42%"
"02/19/2026","23,297.45","23,691.60","23,697.90","23,235.35","1.82B","-1.47%"
"02/18/2026","23,645.80","23,571.50","23,657.75","23,490.35","1.91B","0.45%"
"02/17/2026","23,540.05","23,445.30","23,563.25","23,394.80","1.99B","0.29%"
"02/16/2026","23,472.45","23,248.55","23,487.35","23,190.20","1.82B","0.68%"
"02/13/2026","23,313.15","23,448.70","23,464.05","23,285.00","2.23B","-1.43%"
"02/12/2026","23,651.55","23,753.80","23,753.80","23,589.05","2.27B","-0.55%"
"02/11/2026","23,783.05","23,808.10","23,811.15","23,707.15","2.64B","0.12%"
"02/10/2026","23,753.75","23,752.60","23,796.40","23,691.50","2.37B","0.30%"
"02/09/2026","23,683.40","23,600.85","23,693.05","23,535.40","2.73B","1.06%"
"02/06/2026","23,434.00","23,366.50","23,447.00","23,211.40","2.28B","0.10%"
"02/05/2026","23,411.70","23,509.75","23,509.95","23,337.35","2.51B","-0.52%"
"02/04/2026","23,534.95","23,414.10","23,562.70","23,284.45","2.89B","0.38%"
"02/03/2026","23,446.30","23,870.20","23,912.35","23,355.50","3.83B","2.67%"
"02/02/2026","22,837.00","22,595.45","22,869.70","22,408.50","2.70B","1.00%"
"02/01/2026","22,611.30","23,067.50","23,160.10","22,337.30","2.76B","-2.03%"
"01/30/2026","23,079.50","22,994.30","23,110.20","22,916.00","4.16B","-0.24%"
"01/29/2026","23,134.80","23,107.50","23,158.60","22,922.60","3.42B","0.23%"
"01/28/2026","23,082.10","22,899.60","23,101.75","22,884.50","2.98B","1.15%"
"01/27/2026","22,819.25","22,752.70","22,886.95","22,562.95","3.00B","0.50%"
"01/23/2026","22,706.20","23,072.30","23,073.35","22,679.70","2.47B","-1.31%"
"01/22/2026","23,008.75","23,013.45","23,144.55","22,888.50","2.49B","0.76%"
"01/21/2026","22,835.15","22,864.50","22,981.80","22,586.80","3.50B","-0.49%"
"01/20/2026","22,946.65","23,365.65","23,368.15","22,888.65","3.04B","-1.83%"
"01/19/2026","23,373.75","23,443.30","23,443.35","23,324.85","2.72B","-0.47%"
"01/16/2026","23,485.30","23,502.85","23,652.70","23,455.50","2.94B","0.04%"
"01/14/2026","23,475.85","23,422.10","23,558.70","23,399.90","2.74B","-0.02%"
"01/13/2026","23,480.65","23,603.45","23,627.05","23,336.05","2.79B","-0.13%"
"01/12/2026","23,510.45","23,459.40","23,533.45","23,199.50","3.13B","0.18%"
"01/09/2026","23,467.35","23,646.75","23,741.75","23,407.70","4.46B","-0.90%"
"01/08/2026","23,680.10","23,996.20","24,010.45","23,657.35","2.75B","-1.40%"
"01/07/2026","24,016.60","23,995.85","24,050.55","23,942.25","2.27B","0.03%"
"01/06/2026","24,010.50","24,042.90","24,089.75","23,941.40","2.68B","-0.20%"
"01/05/2026","24,058.45","24,123.10","24,144.20","23,999.15","3.14B","-0.17%"
"01/02/2026","24,099.00","23,935.95","24,107.70","23,921.45","3.71B","0.79%"
"01/01/2026","23,909.55","23,914.65","23,925.55","23,835.55","4.55B","0.16%"
"12/31/2025","23,871.55","23,710.45","23,921.45","23,709.55","5.27B","0.86%"
"12/30/2025","23,668.80","23,675.30","23,704.20","23,599.90","3.36B","-0.06%"
"12/29/2025","23,682.10","23,804.40","23,826.75","23,660.30","2.42B","-0.41%"
"12/26/2025","23,780.25","23,841.95","23,885.35","23,752.55","2.23B","-0.29%"
"12/24/2025","23,850.25","23,903.10","23,956.80","23,836.55","1.97B","-0.19%"
"12/23/2025","23,895.15","23,906.10","23,929.25","23,825.15","2.60B","0.12%"
"12/22/2025","23,867.65","23,760.95","23,878.65","23,743.25","2.52B","0.80%"
"12/19/2025","23,677.55","23,562.65","23,688.35","23,548.95","3.17B","0.79%"
"12/18/2025","23,491.50","23,469.80","23,553.25","23,363.50","2.34B","-0.02%"
"12/17/2025","23,496.05","23,597.60","23,635.05","23,449.50","2.06B","-0.31%"
"12/16/2025","23,570.15","23,676.80","23,687.35","23,542.55","2.09B","-0.65%"
"12/15/2025","23,725.20","23,654.00","23,735.70","23,591.30","2.43B","0.00%"
"12/12/2025","23,726.20","23,620.35","23,737.70","23,613.00","2.60B","0.74%"
"12/11/2025","23,550.85","23,421.90","23,562.15","23,344.25","2.44B","0.61%"
"12/10/2025","23,408.80","23,540.15","23,628.30","23,386.80","1.99B","-0.46%"
"12/09/2025","23,516.25","23,447.05","23,556.35","23,259.70","2.62B","-0.04%"
"12/08/2025","23,526.20","23,821.75","23,833.15","23,460.70","2.45B","-1.30%"
"12/05/2025","23,835.25","23,720.70","23,848.45","23,672.35","2.31B","0.40%"
"12/04/2025","23,741.10","23,718.10","23,820.45","23,680.25","2.64B","0.10%"
"12/03/2025","23,716.30","23,813.45","23,845.80","23,641.75","2.80B","-0.44%"
"12/02/2025","23,822.25","23,870.60","23,925.85","23,782.75","2.80B","-0.42%"
"12/01/2025","23,922.45","24,034.95","24,035.00","23,871.75","2.12B","-0.04%"
"11/28/2025","23,933.20","23,968.80","23,979.70","23,907.75","1.92B","-0.06%"
"11/27/2025","23,947.75","24,011.90","24,026.25","23,879.60","2.00B","-0.03%"
"11/26/2025","23,955.20","23,654.75","23,965.35","23,654.75","1.90B","1.27%"
"11/25/2025","23,655.05","23,700.55","23,745.50","23,635.80","2.05B","-0.08%"
"11/24/2025","23,674.55","23,827.25","23,835.20","23,642.55","2.96B","-0.49%"
"11/21/2025","23,790.25","23,917.50","23,938.30","23,776.30","2.30B","-0.77%"
"11/20/2025","23,975.45","23,984.40","24,032.10","23,918.80","2.96B","0.29%"
"11/19/2025","23,906.30","23,832.55","23,924.30","23,766.60","2.59B","0.34%"
"11/18/2025","23,824.65","23,970.45","23,973.05","23,800.95","2.11B","-0.54%"
"11/17/2025","23,954.55","23,889.55","23,964.75","23,863.55","2.65B","0.50%"
"11/14/2025","23,836.35","23,751.25","23,858.30","23,717.00","3.96B","0.09%"
"11/13/2025","23,816.00","23,867.65","23,935.10","23,793.65","3.02B","-0.09%"
"11/12/2025","23,836.90","23,796.95","23,874.85","23,766.20","2.78B","0.65%"
"11/11/2025","23,682.65","23,634.65","23,693.80","23,476.30","3.61B","0.36%"
"11/10/2025","23,596.90","23,545.35","23,658.85","23,542.10","2.08B","0.32%"
"11/07/2025","23,521.50","23,441.05","23,570.10","23,291.20","2.88B","0.04%"
"11/06/2025","23,513.15","23,683.35","23,713.40","23,501.05","2.62B","-0.69%"
"11/04/2025","23,675.45","23,811.30","23,829.70","23,660.20","3.13B","-0.57%"
"11/03/2025","23,810.70","23,711.95","23,840.10","23,695.15","386.03M","0.42%"
"10/31/2025","23,710.40","23,847.60","23,913.45","23,698.05","3.21B","-0.55%"
"10/30/2025","23,841.30","23,933.65","23,949.75","23,804.45","4.78B","-0.46%"
"10/29/2025","23,952.40","23,851.55","23,971.55","23,821.30","3.04B","0.59%"
"10/28/2025","23,812.55","23,844.75","23,907.55","23,717.05","3.40B","-0.12%"
"10/27/2025","23,840.90","23,742.70","23,856.30","23,723.40","4.71B","0.65%"
"10/24/2025","23,686.60","23,796.20","23,802.75","23,622.80","2.39B","-0.29%"
"10/23/2025","23,755.90","23,899.75","23,926.10","23,727.60","3.38B","-0.01%"
"10/21/2025","23,759.20","23,791.90","23,818.35","23,723.40","554.50M","0.18%"
"10/20/2025","23,716.10","23,699.35","23,766.55","23,654.75","2.37B","0.50%"
"10/17/2025","23,598.05","23,547.00","23,679.05","23,515.85","2.42B","0.15%"
"10/16/2025","23,563.80","23,443.30","23,592.85","23,428.15","2.25B","0.80%"
"10/15/2025","23,377.35","23,227.55","23,400.95","23,224.15","2.31B","0.83%"
"10/14/2025","23,184.05","23,349.75","23,374.00","23,121.50","2.35B","-0.48%"
"10/13/2025","23,294.80","23,245.05","23,315.65","23,201.55","2.62B","-0.18%"
"10/10/2025","23,337.55","23,247.45","23,374.25","23,220.05","2.82B","0.41%"
"10/09/2025","23,241.75","23,144.30","23,251.65","23,101.85","2.18B","0.57%"
"10/08/2025","23,109.35","23,197.95","23,265.20","23,087.90","2.55B","-0.43%"
"10/07/2025","23,209.50","23,191.35","23,275.10","23,170.85","2.96B","0.17%"
"10/06/2025","23,169.65","23,055.15","23,177.25","23,008.30","2.70B","0.62%"
"10/03/2025","23,027.70","22,905.10","23,037.50","22,874.15","2.49B","0.43%"
"10/01/2025","22,928.30","22,745.95","22,943.20","22,726.25","2.30B","0.85%"
"09/30/2025","22,734.10","22,793.65","22,829.20","22,669.30","2.18B","-0.02%"
"09/29/2025","22,739.10","22,783.90","22,865.10","22,677.00","2.71B","0.11%"
"09/26/2025","22,713.15","22,965.90","22,994.15","22,692.70","3.06B","-1.34%"
"09/25/2025","23,022.40","23,169.45","23,235.55","23,009.55","2.31B","-0.67%"
"09/24/2025","23,178.25","23,293.40","23,317.20","23,165.95","2.24B","-0.63%"
"09/23/2025","23,325.25","23,408.20","23,434.30","23,253.10","2.98B","-0.24%"
"09/22/2025","23,381.45","23,434.75","23,523.55","23,335.10","2.62B","-0.45%"
"09/19/2025","23,486.65","23,530.60","23,541.30","23,451.60","4.93B","-0.14%"
"09/18/2025","23,518.90","23,534.15","23,538.90","23,434.45","2.12B","0.31%"
"09/17/2025","23,445.20","23,419.10","23,464.40","23,395.75","2.27B","0.32%"
"09/16/2025","23,369.30","23,240.25","23,386.65","23,217.30","2.37B","0.66%"
"09/15/2025","23,215.85","23,213.15","23,249.20","23,182.05","3.31B","0.11%"
"09/12/2025","23,190.25","23,171.55","23,210.40","23,129.90","2.60B","0.38%"
"09/11/2025","23,102.65","23,073.45","23,128.55","23,065.70","2.15B","0.12%"
"09/10/2025","23,074.15","23,056.80","23,121.75","23,027.05","2.37B","0.54%"
"09/09/2025","22,949.10","22,949.55","22,964.05","22,893.05","2.01B","0.31%"
"09/08/2025","22,878.65","22,892.80","22,974.85","22,835.90","2.30B","0.22%"
"09/05/2025","22,829.15","22,891.75","22,916.00","22,718.50","3.45B","0.04%"
"09/04/2025","22,819.65","23,116.90","23,116.90","22,795.00","3.01B","-0.20%"
"09/03/2025","22,864.65","22,764.00","22,877.35","22,709.20","3.10B","0.62%"
"09/02/2025","22,724.40","22,758.20","22,858.20","22,678.45","2.72B","0.05%"
"09/01/2025","22,713.55","22,491.90","22,720.55","22,491.90","2.71B","1.12%"
"08/29/2025","22,462.95","22,524.15","22,624.70","22,443.80","2.88B","-0.35%"
"08/28/2025","22,541.65","22,762.25","22,762.25","22,529.60","2.92B","-1.00%"
"08/26/2025","22,768.65","22,994.85","23,013.05","22,746.75","4.45B","-1.23%"
"08/25/2025","23,052.00","23,069.30","23,106.90","23,022.10","2.75B","0.26%"
"08/22/2025","22,991.30","23,133.85","23,144.55","22,980.85","3.22B","-0.63%"
"08/21/2025","23,137.15","23,221.75","23,230.95","23,126.75","2.34B","-0.03%"
"08/20/2025","23,143.15","23,067.70","23,171.15","23,025.85","2.93B","0.33%"
"08/19/2025","23,066.60","22,959.50","23,077.10","22,908.15","2.33B","0.59%"
"08/18/2025","22,931.50","22,958.30","23,040.85","22,913.05","2.39B","1.11%"
"08/14/2025","22,680.25","22,713.65","22,754.15","22,646.70","2.06B","-0.08%"
"08/13/2025","22,698.10","22,655.15","22,733.80","22,624.45","2.09B","0.57%"
"08/12/2025","22,568.60","22,633.65","22,730.25","22,554.30","1.51B","-0.29%"
"08/11/2025","22,633.45","22,447.55","22,650.10","22,406.00","1.54B","0.85%"
"08/08/2025","22,443.15","22,680.90","22,690.35","22,419.70","1.71B","-1.11%"
"08/07/2025","22,694.10","22,563.40","22,726.90","22,425.85","2.05B","0.12%"
"08/06/2025","22,666.85","22,807.55","22,818.20","22,622.35","1.58B","-0.58%"
"08/05/2025","22,798.50","22,869.50","22,878.10","22,736.05","1.74B","-0.27%"
"08/04/2025","22,860.40","22,699.70","22,871.60","22,648.60","1.90B","0.82%"
"08/01/2025","22,673.65","22,901.60","22,917.85","22,646.75","2.22B","-1.05%"
"07/31/2025","22,914.95","22,804.20","23,071.25","22,802.15","2.21B","-0.51%"
"07/30/2025","23,033.55","23,064.25","23,070.35","22,959.45","1.70B","0.11%"
"07/29/2025","23,007.35","22,793.00","23,024.15","22,777.70","1.74B","0.70%"
"07/28/2025","22,846.95","22,967.40","23,094.85","22,818.15","2.03B","-0.73%"
"07/25/2025","23,014.80","23,255.25","23,255.25","22,993.00","2.20B","-1.23%"
"07/24/2025","23,301.10","23,447.35","23,449.40","23,257.60","1.97B","-0.54%"
"07/23/2025","23,428.40","23,382.40","23,435.55","23,296.00","2.00B","0.46%"
"07/22/2025","23,320.90","23,449.75","23,456.00","23,306.40","2.03B","-0.25%"
"07/21/2025","23,378.45","23,296.75","23,394.50","23,184.90","1.76B","0.44%"
"07/18/2025","23,275.15","23,430.00","23,449.45","23,240.85","1.97B","-0.62%"
"07/17/2025","23,419.70","23,507.65","23,514.70","23,409.05","2.20B","-0.22%"
"07/16/2025","23,472.50","23,458.90","23,502.90","23,403.50","2.86B","0.10%"
"07/15/2025","23,449.15","23,334.55","23,469.45","23,332.80","2.71B","0.60%"
"07/14/2025","23,309.05","23,290.15","23,329.20","23,200.10","4.00B","0.11%"
"07/11/2025","23,282.70","23,408.80","23,462.35","23,256.30","2.23B","-0.80%"
"07/10/2025","23,471.40","23,595.85","23,605.50","23,444.95","2.02B","-0.37%"
"07/09/2025","23,557.45","23,576.45","23,613.90","23,513.85","2.35B","-0.06%"
"07/08/2025","23,572.55","23,540.60","23,600.35","23,469.95","2.93B","0.09%"
"07/07/2025","23,551.20","23,561.60","23,595.30","23,506.50","2.42B","-0.05%"
"07/04/2025","23,562.45","23,553.45","23,570.90","23,448.90","1.88B","0.17%"
"07/03/2025","23,521.85","23,591.80","23,647.10","23,503.55","2.36B","-0.11%"
"07/02/2025","23,547.25","23,653.05","23,669.30","23,463.85","2.62B","-0.29%"
"07/01/2025","23,615.45","23,659.75","23,669.95","23,558.90","2.56B","-0.01%"
"06/30/2025","23,617.20","23,672.35","23,677.55","23,563.00","2.46B","-0.01%"
"06/27/2025","23,620.15","23,566.70","23,644.35","23,538.55","3.42B","0.44%"
"06/26/2025","23,517.55","23,341.20","23,529.65","23,319.85","2.92B","0.95%"
"06/25/2025","23,296.85","23,216.15","23,303.65","23,190.85","3.04B","0.79%"
"06/24/2025","23,113.20","23,212.30","23,307.95","23,074.25","3.10B","0.49%"
"06/23/2025","23,001.50","22,880.35","23,063.35","22,837.80","2.08B","-0.17%"
"06/20/2025","23,041.10","22,760.65","23,064.70","22,760.60","3.24B","1.22%"
"06/19/2025","22,763.50","22,921.60","22,973.15","22,712.55","2.39B","-0.71%"
"06/18/2025","22,925.20","22,937.75","23,066.85","22,868.35","1.95B","-0.24%"
"06/17/2025","22,981.50","23,126.80","23,128.50","22,959.15","2.95B","-0.49%"
"06/16/2025","23,095.05","22,914.85","23,106.70","22,789.40","2.35B","0.82%"
"06/13/2025","22,906.20","22,631.70","22,932.25","22,631.70","2.55B","-0.61%"
"06/12/2025","23,046.45","23,363.50","23,370.30","23,009.65","2.58B","-1.25%"
"06/11/2025","23,337.85","23,376.60","23,423.60","23,271.40","3.58B","-0.01%"
"06/10/2025","23,339.95","23,422.30","23,423.80","23,287.35","3.08B","0.04%"
"06/09/2025","23,330.55","23,308.65","23,335.35","23,254.55","3.18B","0.71%"
"06/06/2025","23,165.10","22,962.00","23,180.35","22,891.60","2.92B","1.01%"
"06/05/2025","22,934.50","22,879.20","23,026.30","22,828.85","2.55B","0.56%"
"06/04/2025","22,807.85","22,742.20","22,823.95","22,667.90","3.15B","0.43%"
"06/03/2025","22,711.30","22,906.20","22,946.15","22,691.25","4.54B","-0.54%"
"06/02/2025","22,834.50","22,758.60","22,863.35","22,664.15","3.89B","0.14%"
"05/30/2025","22,801.95","22,868.25","22,912.30","22,759.15","5.21B","-0.26%"
"05/29/2025","22,861.35","22,859.45","22,899.15","22,750.15","2.62B","0.36%"
"05/28/2025","22,779.40","22,843.25","22,871.20","22,765.70","3.30B","-0.16%"
"05/27/2025","22,816.50","22,895.05","22,963.10","22,721.80","2.47B","-0.40%"
"05/26/2025","22,908.30","22,852.70","22,970.70","22,845.40","2.49B","0.56%"
"05/23/2025","22,781.05","22,628.75","22,813.25","22,580.80","2.55B","0.82%"
"05/22/2025","22,595.00","22,674.00","22,675.35","22,464.45","2.45B","-0.60%"
"05/21/2025","22,730.65","22,632.40","22,811.95","22,577.40","2.42B","0.64%"
"05/20/2025","22,585.60","22,942.65","22,958.60","22,565.55","2.87B","-1.23%"
"05/19/2025","22,865.80","22,896.25","22,965.05","22,827.65","3.86B","-0.02%"
"05/16/2025","22,870.90","22,825.55","22,885.35","22,750.35","3.21B","0.36%"
"05/15/2025","22,788.80","22,547.05","22,814.10","22,408.65","2.88B","1.29%"
"05/14/2025","22,499.50","22,402.65","22,544.90","22,366.40","2.54B","0.67%"
"05/13/2025","22,349.40","22,491.50","22,575.70","22,317.50","2.59B","-0.72%"
"05/12/2025","22,511.40","22,149.40","22,525.00","22,126.40","2.95B","3.86%"
"05/09/2025","21,675.55","21,463.75","21,716.05","21,463.75","2.86B","-0.77%"
"05/08/2025","21,843.05","22,109.35","22,145.20","21,730.55","2.46B","-1.04%"
"05/07/2025","22,072.45","21,756.80","22,084.70","21,752.90","2.39B","0.53%"
"05/06/2025","21,956.60","22,235.60","22,244.50","21,916.90","2.38B","-1.07%"
"05/05/2025","22,195.15","22,086.25","22,209.95","22,070.95","1.82B","0.86%"
"05/02/2025","22,006.00","22,009.95","22,238.90","21,920.85","2.11B","-0.11%"
"04/30/2025","22,030.05","22,119.20","22,175.00","21,920.55","2.19B","-0.37%"
"04/29/2025","22,112.40","22,160.75","22,255.90","22,084.55","2.19B","0.05%"
"04/28/2025","22,101.85","21,843.45","22,125.45","21,841.40","2.03B","1.16%"
"04/25/2025","21,848.15","22,220.30","22,271.85","21,661.60","4.10B","-1.50%"
"04/24/2025","22,180.65","22,217.65","22,270.15","22,155.40","2.43B","-0.26%"
"04/23/2025","22,237.60","22,238.60","22,263.85","21,988.35","2.63B","0.69%"
"04/22/2025","22,085.15","22,072.00","22,157.95","21,953.40","2.84B","0.36%"
"04/21/2025","22,005.75","21,787.05","22,033.75","21,732.45","3.32B","1.50%"
"04/17/2025","21,681.55","21,379.35","21,704.10","21,296.35","2.45B","1.30%"
"04/16/2025","21,404.35","21,302.75","21,414.85","21,246.40","2.31B","0.59%"
"04/15/2025","21,279.40","21,199.05","21,302.75","21,067.60","2.31B","2.54%"
"04/11/2025","20,752.85","20,684.85","20,817.50","20,629.00","2.22B","1.95%"
"04/09/2025","20,356.75","20,422.95","20,423.25","20,252.35","2.07B","-0.61%"
"04/08/2025","20,480.80","20,430.10","20,588.40","20,227.15","2.41B","1.87%"
"04/07/2025","20,105.70","19,524.25","20,189.35","19,519.85","3.19B","-3.36%"
"04/04/2025","20,805.35","21,199.20","21,212.10","20,736.80","2.54B","-2.06%"
"04/03/2025","21,243.40","21,100.55","21,263.45","21,096.75","2.44B","-0.10%"
"04/02/2025","21,265.65","21,101.85","21,279.10","21,007.15","2.57B","0.92%"
"04/01/2025","21,070.75","21,227.10","21,398.35","21,042.45","3.89B","-1.26%"
"03/28/2025","21,339.55","21,439.20","21,514.10","21,277.90","2.77B","-0.32%"
"03/27/2025","21,407.95","21,218.40","21,447.90","21,195.70","4.35B","0.62%"
"03/26/2025","21,275.45","21,464.95","21,525.60","21,255.70","2.44B","-0.76%"
"03/25/2025","21,437.75","21,652.85","21,674.05","21,385.80","2.44B","-0.47%"
"03/24/2025","21,538.10","21,427.20","21,595.85","21,346.80","2.61B","1.24%"
"03/21/2025","21,273.90","21,065.25","21,297.00","21,031.45","3.56B","0.97%"
"03/20/2025","21,070.05","20,989.35","21,092.20","20,873.55","2.32B","0.99%"
"03/19/2025","20,864.50","20,713.25","20,895.25","20,664.00","2.75B","1.00%"
"03/18/2025","20,657.20","20,418.55","20,676.95","20,370.20","1.95B","1.82%"
"03/17/2025","20,288.30","20,166.60","20,358.25","20,166.50","1.67B","0.56%"
"03/13/2025","20,176.05","20,337.85","20,357.30","20,157.50","1.79B","-0.44%"
"03/12/2025","20,264.35","20,351.90","20,397.95","20,108.70","2.15B","-0.19%"
"03/11/2025","20,302.50","20,122.55","20,333.75","20,073.40","2.01B","0.18%"
"03/10/2025","20,266.50","20,434.95","20,543.70","20,230.65","2.00B","-0.87%"
"03/07/2025","20,443.40","20,428.15","20,549.20","20,377.60","2.02B","-0.02%"
"03/06/2025","20,447.10","20,411.45","20,467.15","20,262.75","2.07B","0.94%"
"03/05/2025","20,256.50","19,901.60","20,265.05","19,901.60","2.16B","1.70%"
"03/04/2025","19,917.85","19,736.05","19,957.50","19,681.65","2.09B","0.11%"
"03/03/2025","19,896.95","19,935.55","19,997.05","19,658.30","2.36B","0.08%"
"02/28/2025","19,880.90","20,185.40","20,197.85","19,816.00","3.03B","-2.14%"
"02/27/2025","20,315.55","20,436.50","20,471.85","20,278.65","1.92B","-0.51%"
"02/25/2025","20,418.75","20,445.55","20,548.90","20,388.75","1.45B","-0.24%"
"02/24/2025","20,468.45","20,510.95","20,546.05","20,429.30","1.44B","-1.07%"
"02/21/2025","20,690.25","20,792.05","20,903.35","20,616.60","1.84B","-0.68%"
"02/20/2025","20,831.10","20,645.70","20,840.35","20,630.20","1.65B","0.48%"
"02/19/2025","20,731.45","20,511.20","20,802.55","20,459.20","1.79B","0.58%"
"02/18/2025","20,611.40","20,663.60","20,692.30","20,466.75","1.72B","-0.20%"
"02/17/2025","20,652.35","20,511.05","20,667.55","20,339.00","2.00B","0.09%"
"02/14/2025","20,633.10","20,964.60","20,984.70","20,476.65","2.05B","-1.30%"
"02/13/2025","20,904.35","20,926.00","21,122.00","20,866.50","2.13B","-0.02%"
"02/12/2025","20,907.85","20,924.15","21,002.00","20,545.75","2.54B","-0.20%"
"02/11/2025","20,950.45","21,366.25","21,376.45","20,860.60","1.78B","-1.97%"
"02/10/2025","21,371.30","21,636.20","21,659.25","21,301.85","1.47B","-1.27%"
"02/07/2025","21,646.15","21,703.75","21,765.15","21,521.75","2.11B","-0.12%"
"02/06/2025","21,672.45","21,860.10","21,870.90","21,620.15","1.57B","-0.51%"
"02/05/2025","21,784.25","21,797.70","21,870.40","21,763.70","1.97B","0.26%"
"02/04/2025","21,727.45","21,551.40","21,743.55","21,474.45","2.15B","1.52%"
"02/03/2025","21,402.55","21,422.85","21,445.95","21,286.70","2.26B","-0.83%"
"02/01/2025","21,581.75","21,628.65","21,713.95","21,388.20","3.02B","0.00%"
"01/31/2025","21,580.90","21,339.35","21,613.00","21,310.30","2.25B","1.33%"
"01/30/2025","21,297.50","21,282.10","21,404.20","21,209.60","2.00B","0.24%"
"01/29/2025","21,245.50","20,971.40","21,259.85","20,968.35","1.86B","1.53%"
"01/28/2025","20,924.75","21,009.20","21,100.45","20,757.90","2.49B","0.07%"
"01/27/2025","20,910.95","21,158.85","21,163.00","20,861.15","2.30B","-1.91%"
"01/24/2025","21,318.90","21,533.05","21,611.20","21,279.00","1.75B","-1.02%"
"01/23/2025","21,538.05","21,377.80","21,595.00","21,338.95","1.84B","0.66%"
"01/22/2025","21,396.55","21,484.45","21,500.30","21,178.80","2.09B","-0.17%"
"01/21/2025","21,433.20","21,855.10","21,863.05","21,411.30","2.33B","-1.72%"
"01/20/2025","21,809.00","21,769.95","21,848.95","21,628.50","3.51B","0.59%"
"01/17/2025","21,680.25","21,699.45","21,730.85","21,563.80","2.01B","-0.16%"
"01/16/2025","21,714.55","21,734.40","21,776.35","21,687.45","2.24B","0.76%"
"01/15/2025","21,551.20","21,572.45","21,634.60","21,445.40","3.09B","0.33%"
"01/14/2025","21,481.05","21,328.00","21,528.70","21,325.00","2.55B","1.12%"
"01/13/2025","21,243.45","21,557.00","21,630.55","21,194.45","2.61B","-2.55%"
"01/10/2025","21,799.00","22,049.40","22,075.40","21,738.45","1.97B","-1.12%"
"01/09/2025","22,046.55","22,231.05","22,239.20","22,028.50","1.69B","-0.83%"
"01/08/2025","22,231.80","22,378.15","22,384.25","22,065.20","1.90B","-0.49%"
"01/07/2025","22,341.65","22,278.15","22,435.50","22,247.75","1.93B","0.52%"
"01/06/2025","22,225.40","22,753.65","22,757.40","22,163.55","2.50B","-2.13%"
"01/03/2025","22,708.15","22,850.10","22,867.85","22,681.30","2.20B","-0.49%"
"01/02/2025","22,819.75","22,521.75","22,833.35","22,482.70","1.85B","1.50%"
"01/01/2025","22,481.80","22,375.85","22,518.70","22,313.75","1.47B","0.48%"
"12/31/2024","22,375.40","22,273.70","22,414.45","22,160.15","2.07B","0.08%"
"12/30/2024","22,357.15","22,438.15","22,522.40","22,266.15","3.00B","-0.39%"
"12/27/2024","22,445.20","22,473.90","22,555.45","22,435.55","1.17B","0.07%"
"12/26/2024","22,430.35","22,444.70","22,492.30","22,324.60","1.42B","0.12%"
"12/24/2024","22,402.70","22,431.60","22,516.30","22,340.10","1.35B","-0.04%"
"12/23/2024","22,412.30","22,446.60","22,535.20","22,331.50","1.58B","0.42%"
"12/20/2024","22,319.40","22,783.65","22,855.00","22,279.90","2.58B","-1.90%"
"12/19/2024","22,752.15","22,594.95","22,782.25","22,590.00","1.72B","-0.79%"
"12/18/2024","22,934.40","23,076.95","23,125.55","22,876.70","1.78B","-0.70%"
"12/17/2024","23,095.75","23,308.90","23,349.10","23,067.30","1.92B","-1.10%"
"12/16/2024","23,352.45","23,370.55","23,417.65","23,281.20","1.49B","-0.03%"
"12/13/2024","23,358.95","23,208.35","23,378.55","22,879.90","2.15B","0.44%"
"12/12/2024","23,256.40","23,348.70","23,386.25","23,242.75","1.96B","-0.44%"
"12/11/2024","23,358.15","23,326.70","23,394.20","23,301.15","1.76B","0.19%"
"12/10/2024","23,314.90","23,328.80","23,341.35","23,216.25","2.17B","0.10%"
"12/09/2024","23,292.00","23,289.40","23,351.90","23,243.30","2.28B","-0.09%"
"12/06/2024","23,312.10","23,315.80","23,358.20","23,221.70","2.47B","0.15%"
"12/05/2024","23,277.95","23,183.30","23,357.10","22,993.85","2.79B","0.77%"
"12/04/2024","23,099.50","23,075.95","23,149.90","22,978.85","2.70B","0.34%"
"12/03/2024","23,020.85","22,922.60","23,029.55","22,876.80","2.17B","0.81%"
"12/02/2024","22,835.85","22,695.40","22,843.50","22,603.10","1.83B","0.66%"
"11/29/2024","22,687.00","22,537.80","22,733.75","22,531.90","2.47B","0.77%"
"11/28/2024","22,514.35","22,722.30","22,821.75","22,472.25","3.03B","-0.78%"
"11/27/2024","22,691.70","22,594.20","22,732.10","22,526.10","2.78B","0.57%"
"11/26/2024","22,562.45","22,649.30","22,675.70","22,523.00","3.25B","0.04%"
"11/25/2024","22,553.50","22,578.65","22,676.25","22,510.80","3.71B","1.48%"
"11/22/2024","22,225.55","21,864.65","22,260.15","21,819.20","2.30B","1.85%"
"11/21/2024","21,820.85","21,947.75","21,954.20","21,692.80","2.64B","-0.83%"
"11/19/2024","22,004.35","21,977.65","22,233.40","21,948.45","1.90B","0.48%"
"11/18/2024","21,899.40","22,045.90","22,049.15","21,787.35","2.06B","-0.29%"
"11/14/2024","21,963.10","21,924.10","22,096.85","21,907.55","1.91B","0.22%"
"11/13/2024","21,914.95","22,263.00","22,309.80","21,867.70","2.33B","-1.86%"
"11/12/2024","22,331.05","22,664.20","22,721.90","22,286.85","1.71B","-1.15%"
"11/11/2024","22,591.40","22,590.10","22,770.55","22,478.70","2.01B","-0.24%"
"11/08/2024","22,645.65","22,821.90","22,857.10","22,600.25","1.92B","-0.70%"
"11/07/2024","22,806.25","23,067.15","23,073.55","22,793.90","2.04B","-0.98%"
"11/06/2024","23,031.20","22,782.20","23,052.20","22,720.30","2.16B","1.55%"
"11/05/2024","22,679.85","22,458.30","22,697.50","22,343.95","2.14B","0.72%"
"11/04/2024","22,518.30","22,831.80","22,832.65","22,362.65","2.26B","-1.34%"
"11/01/2024","22,823.55","22,806.95","22,881.50","22,799.70","604.29M","0.59%"
"10/31/2024","22,689.35","22,758.60","22,779.50","22,621.10","2.44B","-0.27%"
"10/30/2024","22,749.80","22,731.15","22,896.55","22,685.40","2.79B","-0.20%"
"10/29/2024","22,795.05","22,670.80","22,808.80","22,450.00","2.32B","0.64%"
"10/28/2024","22,649.95","22,548.70","22,756.05","22,407.00","2.91B","0.67%"
"10/25/2024","22,499.05","22,819.80","22,839.20","22,362.80","2.62B","-1.27%"
"10/24/2024","22,787.85","22,841.85","22,893.20","22,747.55","1.95B","-0.23%"
"10/23/2024","22,841.10","22,751.80","22,989.05","22,673.30","2.61B","0.12%"
"10/22/2024","22,814.45","23,277.10","23,306.20","22,789.70","2.42B","-1.93%"
"10/21/2024","23,263.25","23,527.60","23,559.05","23,224.55","2.02B","-0.76%"
"10/18/2024","23,440.70","23,285.65","23,471.20","23,120.95","1.95B","0.27%"
"10/17/2024","23,377.00","23,717.30","23,720.15","23,366.00","1.78B","-1.25%"
"10/16/2024","23,673.15","23,702.85","23,768.15","23,588.80","1.74B","-0.26%"
"10/15/2024","23,735.70","23,800.40","23,814.95","23,662.30","1.78B","0.04%"
"10/14/2024","23,727.05","23,670.50","23,740.20","23,646.10","1.68B","0.49%"
"10/11/2024","23,611.25","23,608.30","23,654.00","23,546.30","1.71B","0.06%"
"10/10/2024","23,598.15","23,695.55","23,755.50","23,580.60","1.94B","-0.01%"
"10/09/2024","23,599.60","23,600.10","23,797.45","23,570.70","2.59B","0.37%"
"10/08/2024","23,512.55","23,175.20","23,544.80","23,106.50","2.56B","1.43%"
"10/07/2024","23,181.95","23,616.35","23,659.65","23,089.50","3.04B","-1.50%"
"10/04/2024","23,534.95","23,704.95","23,920.30","23,483.40","2.62B","-0.93%"
"10/03/2024","23,755.45","23,931.85","24,122.00","23,713.00","2.73B","-2.13%"
"10/01/2024","24,271.30","24,248.50","24,329.45","24,191.05","2.21B","0.11%"
"09/30/2024","24,245.20","24,410.00","24,456.10","24,217.40","2.61B","-1.00%"
"09/27/2024","24,489.55","24,529.55","24,573.40","24,469.00","4.20B","-0.03%"
"09/26/2024","24,496.90","24,399.15","24,512.65","24,338.40","3.10B","0.52%"
"09/25/2024","24,371.25","24,377.25","24,394.35","24,268.50","2.93B","-0.08%"
"09/24/2024","24,389.70","24,390.05","24,429.00","24,353.75","2.60B","0.04%"
"09/23/2024","24,379.20","24,294.80","24,393.70","24,262.30","3.57B","0.77%"
"09/20/2024","24,193.80","23,956.55","24,243.15","23,885.00","4.24B","1.42%"
"09/19/2024","23,853.95","24,012.30","24,078.00","23,702.00","4.51B","-0.19%"
"09/18/2024","23,898.65","23,972.55","24,000.30","23,800.85","1.86B","-0.30%"
"09/17/2024","23,969.90","24,008.25","24,008.25","23,912.55","1.62B","0.01%"
"09/16/2024","23,968.20","24,006.15","24,026.00","23,917.50","1.72B","0.17%"
"09/13/2024","23,928.20","23,966.50","23,966.55","23,885.20","2.06B","0.09%"
"09/12/2024","23,907.35","23,680.00","23,934.60","23,593.60","2.37B","1.60%"
"09/11/2024","23,531.25","23,665.10","23,723.05","23,498.15","2.31B","-0.48%"
"09/10/2024","23,643.65","23,591.85","23,712.95","23,531.65","2.23B","0.60%"
"09/09/2024","23,502.15","23,452.85","23,526.55","23,294.45","2.36B","0.10%"
"09/06/2024","23,477.70","23,746.00","23,794.35","23,434.90","3.87B","-1.20%"
"09/05/2024","23,762.80","23,821.00","23,836.35","23,749.05","2.32B","0.06%"
"09/04/2024","23,748.90","23,611.80","23,761.40","23,605.35","2.06B","-0.17%"
"09/03/2024","23,788.45","23,817.00","23,817.55","23,771.20","1.81B","0.12%"
"09/02/2024","23,760.70","23,835.20","23,835.20","23,693.65","2.52B","0.11%"
"08/30/2024","23,734.55","23,728.55","23,766.40","23,673.95","7.02B","0.44%"
"08/29/2024","23,631.40","23,618.25","23,664.35","23,494.45","2.98B","0.07%"
"08/28/2024","23,615.95","23,646.80","23,679.35","23,547.25","2.45B","0.05%"
"08/27/2024","23,604.85","23,592.00","23,633.20","23,555.55","2.21B","0.18%"
"08/26/2024","23,561.75","23,514.30","23,579.75","23,466.75","2.00B","0.61%"
"08/23/2024","23,418.65","23,485.30","23,496.85","23,401.00","2.34B","-0.09%"
"08/22/2024","23,440.70","23,467.15","23,474.85","23,408.95","2.19B","0.31%"
"08/21/2024","23,368.65","23,283.75","23,383.20","23,256.25","2.23B","0.38%"
"08/20/2024","23,280.35","23,223.60","23,292.70","23,175.40","2.17B","0.61%"
"08/19/2024","23,139.75","23,174.20","23,195.60","23,104.10","2.13B","0.36%"
"08/16/2024","23,056.50","22,846.10","23,071.75","22,750.30","2.05B","1.69%"
"08/14/2024","22,672.65","22,765.65","22,778.95","22,599.95","2.36B","-0.15%"
"08/13/2024","22,705.80","22,952.70","22,962.75","22,684.45","2.76B","-0.92%"
"08/12/2024","22,915.85","22,862.90","22,993.25","22,753.75","2.53B","-0.03%"
"08/09/2024","22,923.50","22,948.15","22,982.45","22,869.40","2.11B","0.96%"
"08/08/2024","22,705.70","22,842.00","22,905.60","22,676.00","2.44B","-0.63%"
"08/07/2024","22,848.90","22,773.45","22,870.85","22,650.80","2.46B","1.81%"
"08/06/2024","22,443.30","22,696.95","22,910.75","22,406.05","2.70B","-0.44%"
"08/05/2024","22,542.45","22,772.55","22,868.35","22,397.70","4.02B","-3.08%"
"08/02/2024","23,259.45","23,296.10","23,395.10","23,225.65","3.09B","-1.05%"
"08/01/2024","23,506.60","23,608.85","23,637.75","23,429.55","2.92B","-0.10%"
"07/31/2024","23,530.80","23,495.85","23,556.00","23,459.60","3.21B","0.38%"
"07/30/2024","23,440.90","23,421.20","23,530.00","23,381.35","3.00B","0.20%"
"07/29/2024","23,394.20","23,423.15","23,496.40","23,326.05","3.61B","0.44%"
"07/26/2024","23,292.05","22,970.40","23,306.75","22,965.50","3.45B","1.64%"
"07/25/2024","22,917.25","22,753.20","22,938.65","22,732.20","3.44B","-0.02%"
"07/24/2024","22,921.45","22,856.85","22,965.45","22,816.75","3.15B","0.25%"
"07/23/2024","22,865.20","23,022.80","23,031.95","22,307.20","4.56B","-0.34%"
"07/22/2024","22,942.65","22,761.50","23,001.05","22,667.75","2.96B","0.39%"
"07/19/2024","22,853.60","23,232.50","23,232.50","22,833.00","3.02B","-1.54%"
"07/18/2024","23,210.05","23,167.65","23,233.85","22,993.55","3.56B","0.02%"
"07/16/2024","23,204.25","23,258.20","23,288.05","23,181.35","3.43B","-0.02%"
"07/15/2024","23,209.85","23,188.80","23,234.30","23,081.30","3.43B","0.50%"
"07/12/2024","23,095.45","23,086.25","23,189.40","23,021.40","3.54B","0.39%"
"07/11/2024","23,005.25","23,059.95","23,063.10","22,904.30","3.38B","0.12%"
"07/10/2024","22,977.65","23,124.15","23,125.30","22,685.65","3.30B","-0.39%"
"07/09/2024","23,067.35","23,035.05","23,082.35","22,974.95","3.26B","0.42%"
"07/08/2024","22,971.15","23,029.35","23,040.75","22,897.95","3.70B","-0.07%"
"07/05/2024","22,987.65","22,878.50","23,011.80","22,838.20","4.13B","0.32%"
"07/04/2024","22,914.20","22,937.60","22,962.80","22,866.70","3.07B","0.28%"
"07/03/2024","22,851.20","22,820.55","22,871.65","22,764.10","3.15B","0.76%"
"07/02/2024","22,677.80","22,806.30","22,810.65","22,592.20","2.90B","-0.22%"
"07/01/2024","22,727.60","22,580.40","22,739.70","22,570.40","2.75B","0.74%"
"06/28/2024","22,559.70","22,592.25","22,673.65","22,537.70","4.30B","0.10%"
"06/27/2024","22,537.40","22,459.90","22,571.65","22,395.90","4.30B","0.45%"
"06/26/2024","22,436.80","22,379.50","22,464.85","22,309.50","3.83B","0.30%"
"06/25/2024","22,370.65","22,349.75","22,391.75","22,287.10","2.65B","0.37%"
"06/24/2024","22,289.10","22,150.65","22,309.10","22,073.65","3.22B","0.24%"
"06/21/2024","22,236.20","22,392.60","22,393.30","22,186.20","4.82B","-0.31%"
"06/20/2024","22,305.10","22,293.55","22,333.60","22,182.20","3.47B","0.36%"
"06/19/2024","22,224.90","22,406.30","22,406.30","22,127.25","5.22B","-0.47%"
"06/18/2024","22,329.60","22,323.55","22,338.15","22,253.35","3.24B","0.52%"
"06/14/2024","22,214.30","22,148.25","22,229.40","22,054.15","3.42B","0.63%"
"06/13/2024","22,074.30","22,120.75","22,120.80","21,992.15","3.12B","0.52%"
"06/12/2024","21,960.95","21,935.20","22,023.90","21,904.70","3.55B","0.50%"
"06/11/2024","21,852.00","21,856.35","21,961.45","21,782.35","4.47B","0.20%"
"06/10/2024","21,808.25","21,844.30","21,930.50","21,758.30","3.71B","0.20%"
"06/07/2024","21,764.15","21,390.20","21,781.35","21,333.50","3.73B","1.87%"
"06/06/2024","21,365.00","21,253.70","21,462.80","21,193.20","3.84B","1.48%"
"06/05/2024","21,054.40","20,570.75","21,092.15","20,116.60","5.52B","3.59%"
"06/04/2024","20,323.85","21,753.35","21,753.35","19,624.25","9.29B","-6.76%"
"06/03/2024","21,797.40","21,926.60","21,926.60","21,629.30","5.21B","3.29%"
"05/31/2024","21,103.30","21,129.35","21,177.25","21,003.00","6.42B","0.31%"
"05/30/2024","21,038.55","21,201.80","21,262.85","20,983.95","3.53B","-1.02%"
"05/29/2024","21,256.30","21,288.35","21,356.15","21,243.20","2.53B","-0.61%"
"05/28/2024","21,387.35","21,542.50","21,558.15","21,345.35","2.85B","-0.49%"
"05/27/2024","21,493.00","21,573.80","21,613.60","21,439.15","3.60B","0.04%"
"05/24/2024","21,483.75","21,483.00","21,567.45","21,444.95","5.24B","-0.03%"
"05/23/2024","21,489.55","21,280.05","21,505.25","21,249.15","3.43B","1.19%"
"05/22/2024","21,237.75","21,255.20","21,261.75","21,103.20","2.97B","0.24%"
"05/21/2024","21,187.65","21,114.65","21,224.70","21,068.85","3.54B","0.20%"
"05/18/2024","21,144.45","21,131.45","21,156.45","21,115.80","482.89M","0.38%"
"05/17/2024","21,064.55","20,967.40","21,078.65","20,934.45","2.67B","0.65%"
"05/16/2024","20,929.05","20,846.85","20,950.55","20,667.80","2.47B","0.90%"
"05/15/2024","20,741.85","20,744.50","20,811.25","20,681.90","2.17B","0.28%"
"05/14/2024","20,683.80","20,544.35","20,709.75","20,508.00","2.61B","0.84%"
"05/13/2024","20,511.00","20,471.65","20,540.25","20,184.10","2.40B","0.20%"
"05/10/2024","20,469.10","20,398.00","20,482.05","20,299.10","2.25B","0.61%"
"05/09/2024","20,344.80","20,681.10","20,736.25","20,318.90","2.63B","-1.74%"
"05/08/2024","20,704.90","20,586.80","20,768.75","20,516.25","2.70B","0.33%"
"05/07/2024","20,636.05","20,911.35","20,914.90","20,548.80","3.75B","-1.10%"
"05/06/2024","20,864.95","21,044.10","21,048.95","20,805.05","3.09B","-0.45%"
"05/03/2024","20,959.55","21,193.45","21,208.70","20,830.65","4.06B","-0.59%"
"05/02/2024","21,083.60","21,010.45","21,126.10","21,009.35","3.29B","0.41%"
"04/30/2024","20,997.20","21,052.35","21,146.50","20,971.85","3.68B","0.02%"
"04/29/2024","20,992.20","20,911.10","21,002.10","20,847.85","4.11B","0.73%"
"04/26/2024","20,839.35","20,926.40","20,941.10","20,814.50","6.61B","-0.14%"
"04/25/2024","20,867.90","20,690.85","20,894.00","20,686.70","4.47B","0.66%"
"04/24/2024","20,730.65","20,723.20","20,772.55","20,710.20","3.70B","0.38%"
"04/23/2024","20,652.65","20,687.90","20,689.75","20,621.55","4.89B","0.38%"
"04/22/2024","20,574.85","20,566.20","20,604.10","20,468.10","3.70B","0.93%"
"04/19/2024","20,385.20","20,178.25","20,428.40","20,038.35","2.72B","0.30%"
"04/18/2024","20,324.70","20,515.15","20,617.10","20,291.15","2.96B","-0.48%"
"04/16/2024","20,423.00","20,361.25","20,495.20","20,326.25","3.11B","-0.27%"
"04/15/2024","20,478.75","20,493.30","20,623.80","20,362.30","3.20B","-1.29%"
"04/12/2024","20,745.50","20,873.20","20,931.40","20,735.15","3.26B","-0.81%"
"04/10/2024","20,915.20","20,864.55","20,933.85","20,822.85","2.57B","0.60%"
"04/09/2024","20,790.70","20,912.75","20,912.75","20,741.50","2.28B","-0.14%"
"04/08/2024","20,819.10","20,806.85","20,866.10","20,768.50","2.75B","0.50%"
"04/05/2024","20,715.10","20,654.75","20,730.15","20,609.90","2.83B","0.24%"
"04/04/2024","20,664.65","20,755.35","20,772.40","20,537.50","3.31B","0.29%"
"04/03/2024","20,605.70","20,528.20","20,657.90","20,496.55","3.03B","0.17%"
"04/02/2024","20,569.75","20,524.15","20,579.25","20,481.85","2.81B","0.38%"
"04/01/2024","20,492.55","20,392.25","20,504.50","20,387.05","2.48B","1.17%"
"03/28/2024","20,255.15","20,150.35","20,380.50","20,146.15","2.65B","0.83%"
"03/27/2024","20,087.80","20,063.00","20,174.40","20,063.00","2.82B","0.41%"
"03/26/2024","20,005.25","19,895.55","20,044.50","19,895.30","2.34B","0.05%"
"03/22/2024","19,994.60","19,855.00","20,048.60","19,806.70","2.60B","0.49%"
"03/21/2024","19,897.40","19,790.85","19,916.45","19,790.85","2.21B","1.35%"
"03/20/2024","19,632.05","19,651.70","19,697.45","19,465.85","2.15B","0.11%"
"03/19/2024","19,610.55","19,785.80","19,798.95","19,594.10","2.13B","-1.17%"
"03/18/2024","19,843.10","19,804.30","19,894.45","19,709.20","2.24B","0.09%"
"03/15/2024","19,825.20","19,867.75","19,942.40","19,671.15","4.16B","-0.46%"
"03/14/2024","19,916.35","19,598.40","19,933.90","19,514.70","3.82B","1.37%"
"03/13/2024","19,646.30","20,236.80","20,247.90","19,549.50","4.15B","-2.60%"
"03/12/2024","20,171.40","20,299.80","20,326.25","20,135.30","2.43B","-0.58%"
"03/11/2024","20,288.75","20,478.75","20,483.25","20,264.30","2.28B","-0.71%"
"03/07/2024","20,434.80","20,413.65","20,471.35","20,384.50","2.43B","0.27%"
"03/06/2024","20,379.55","20,368.75","20,396.75","20,139.35","3.55B","-0.01%"
"03/05/2024","20,382.00","20,422.30","20,440.40","20,328.00","2.71B","-0.24%"
"03/04/2024","20,432.05","20,456.75","20,482.60","20,383.15","2.54B","0.05%"
"03/02/2024","20,421.35","20,419.55","20,446.80","20,400.20","330.59M","0.35%"
"03/01/2024","20,349.80","20,171.90","20,360.20","20,171.00","2.82B","1.29%"
"02/29/2024","20,090.05","20,009.25","20,160.05","19,901.30","4.89B","0.35%"
"02/28/2024","20,020.40","20,323.50","20,335.65","19,987.35","3.85B","-1.34%"
"02/27/2024","20,292.85","20,249.25","20,329.10","20,234.95","2.85B","0.18%"
"02/26/2024","20,255.80","20,299.50","20,335.75","20,210.35","2.82B","-0.28%"
"02/23/2024","20,313.50","20,358.70","20,365.65","20,280.15","3.98B","0.15%"
"02/22/2024","20,283.95","20,179.25","20,308.90","20,004.10","3.17B","0.77%"
"02/21/2024","20,128.30","20,329.10","20,342.30","20,077.80","3.14B","-0.71%"
"02/20/2024","20,271.90","20,242.65","20,285.80","20,190.70","2.68B","0.15%"
"02/19/2024","20,241.10","20,244.25","20,301.00","20,174.90","2.71B","0.38%"
"02/16/2024","20,164.90","20,136.85","20,191.45","20,098.10","3.11B","0.64%"
"02/15/2024","20,037.00","20,011.70","20,065.75","19,952.00","3.54B","0.58%"
"02/14/2024","19,922.30","19,618.10","19,943.75","19,579.20","3.45B","0.70%"
"02/13/2024","19,782.90","19,709.80","19,796.05","19,508.75","3.93B","0.55%"
"02/12/2024","19,675.20","19,999.95","20,015.00","19,634.60","4.04B","-1.43%"
"02/09/2024","19,961.50","20,015.00","20,040.65","19,745.45","5.41B","-0.13%"
"02/08/2024","19,987.55","20,207.55","20,209.05","19,949.35","5.60B","-0.61%"
"02/07/2024","20,109.55","20,157.20","20,169.90","20,011.45","5.80B","0.38%"
"02/06/2024","20,033.75","19,923.20","20,044.45","19,824.85","4.60B","0.91%"
"02/05/2024","19,853.50","19,989.65","20,044.00","19,805.75","5.18B","-0.29%"
"02/02/2024","19,910.80","19,884.65","20,101.15","19,874.80","4.99B","0.67%"
"02/01/2024","19,777.35","19,869.95","19,871.25","19,703.75","4.21B","-0.12%"
"01/31/2024","19,802.10","19,574.15","19,813.30","19,546.40","3.60B","1.16%"
"01/30/2024","19,574.20","19,770.25","19,799.25","19,558.80","3.97B","-0.70%"
"01/29/2024","19,711.65","19,475.40","19,728.90","19,470.05","4.15B","1.64%"
"01/25/2024","19,393.00","19,479.65","19,480.05","19,289.80","3.86B","-0.30%"
"01/24/2024","19,451.00","19,193.15","19,470.65","19,080.50","4.18B","1.27%"
"01/23/2024","19,206.45","19,743.50","19,752.35","19,158.75","4.48B","-2.02%"
"01/20/2024","19,601.90","19,698.05","19,718.70","19,582.70","2.82B","-0.02%"
"01/19/2024","19,606.40","19,555.95","19,618.95","19,537.15","3.75B","0.99%"
"01/18/2024","19,414.80","19,388.40","19,468.65","19,143.50","3.72B","-0.37%"
"01/17/2024","19,487.60","19,556.40","19,707.70","19,470.05","4.15B","-1.71%"
"01/16/2024","19,827.55","19,894.30","19,923.30","19,736.20","4.15B","-0.29%"
"01/15/2024","19,885.55","19,876.50","19,896.90","19,763.80","3.51B","0.71%"
"01/12/2024","19,745.60","19,691.25","19,775.90","19,635.75","3.10B","0.82%"
"01/11/2024","19,584.35","19,589.75","19,626.50","19,532.30","3.37B","0.34%"
"01/10/2024","19,517.85","19,463.55","19,532.30","19,354.10","3.61B","0.30%"
"01/09/2024","19,459.55","19,549.50","19,596.05","19,439.10","3.71B","0.22%"
"01/08/2024","19,417.70","19,636.00","19,641.85","19,400.60","3.52B","-0.88%"
"01/05/2024","19,590.60","19,602.10","19,637.10","19,490.95","4.03B","0.25%"
"01/04/2024","19,541.25","19,451.80","19,560.40","19,433.50","3.25B","0.90%"
"01/03/2024","19,367.15","19,434.30","19,442.20","19,343.15","3.64B","-0.26%"
"01/02/2024","19,418.40","19,496.80","19,499.80","19,271.65","4.06B","-0.26%"
"01/01/2024","19,469.50","19,452.00","19,543.25","19,421.40","4.27B","0.21%"
"12/29/2023","19,429.15","19,394.50","19,450.10","19,338.35","4.24B","0.15%"
"12/28/2023","19,399.25","19,358.35","19,414.55","19,313.10","3.24B","0.53%"
"12/27/2023","19,296.95","19,219.40","19,312.30","19,189.80","2.09B","0.77%"
"12/26/2023","19,148.85","19,095.00","19,173.80","19,059.40","2.21B","0.49%"
"12/22/2023","19,054.70","19,011.25","19,089.95","18,934.75","2.61B","0.60%"
"12/21/2023","18,941.80","18,647.85","18,965.80","18,582.95","3.06B","0.86%"
"12/20/2023","18,779.45","19,264.40","19,303.60","18,727.10","3.87B","-2.03%"
"12/19/2023","19,169.25","19,212.55","19,213.55","19,067.20","2.95B","0.07%"
"12/18/2023","19,155.55","19,149.15","19,201.55","19,073.10","3.41B","0.05%"
"12/15/2023","19,145.05","19,071.95","19,165.10","19,020.55","4.03B","0.90%"
"12/14/2023","18,973.85","18,906.40","18,996.25","18,893.75","3.96B","1.19%"
"12/13/2023","18,751.45","18,723.70","18,770.45","18,601.50","2.98B","0.35%"
"12/12/2023","18,686.80","18,809.90","18,819.70","18,635.35","3.32B","-0.44%"
"12/11/2023","18,770.20","18,726.35","18,780.45","18,710.15","2.91B","0.36%"
"12/08/2023","18,703.50","18,752.25","18,785.70","18,588.15","3.55B","0.00%"
"12/07/2023","18,703.85","18,696.75","18,721.80","18,619.75","3.28B","0.13%"
"12/06/2023","18,680.00","18,677.25","18,698.80","18,594.40","2.73B","0.49%"
"12/05/2023","18,588.55","18,541.30","18,594.90","18,453.65","2.85B","0.76%"
"12/04/2023","18,448.50","18,422.35","18,460.00","18,315.45","2.95B","1.84%"
"12/01/2023","18,115.35","18,061.80","18,141.65","18,053.15","2.48B","0.71%"
"11/30/2023","17,987.95","17,926.90","18,007.10","17,845.90","4.61B","0.47%"
"11/29/2023","17,904.10","17,831.65","17,911.35","17,823.45","2.24B","0.91%"
"11/28/2023","17,741.80","17,701.05","17,760.00","17,665.65","2.26B","0.56%"
"11/24/2023","17,643.50","17,661.30","17,684.15","17,631.75","1.81B","0.02%"
"11/23/2023","17,639.40","17,654.15","17,693.25","17,627.35","1.69B","0.07%"
"11/22/2023","17,627.70","17,637.45","17,654.60","17,533.75","1.81B","0.00%"
"11/21/2023","17,627.60","17,644.50","17,665.00","17,617.20","2.02B","0.31%"
"11/20/2023","17,573.65","17,618.55","17,636.40","17,556.10","2.18B","-0.15%"
"11/17/2023","17,600.50","17,537.45","17,649.05","17,528.85","2.97B","0.04%"
"11/16/2023","17,593.10","17,518.10","17,668.65","17,486.50","2.24B","0.49%"
"11/15/2023","17,508.05","17,493.30","17,518.90","17,448.30","2.78B","1.09%"
"11/13/2023","17,318.60","17,335.00","17,339.15","17,278.65","2.27B","-0.24%"
"11/12/2023","17,361.10","17,380.50","17,384.15","17,347.45","423.51M","0.61%"
"11/10/2023","17,256.60","17,189.70","17,274.90","17,156.85","1.65B","0.22%"
"11/09/2023","17,218.90","17,284.95","17,288.60","17,209.55","2.15B","-0.24%"
"11/08/2023","17,259.70","17,242.65","17,269.25","17,215.00","2.31B","0.42%"
"11/07/2023","17,187.80","17,170.35","17,200.60","17,120.75","2.16B","0.17%"
"11/06/2023","17,159.40","17,105.35","17,168.75","17,080.95","1.89B","0.93%"
"11/03/2023","17,000.95","16,990.35","17,027.45","16,983.05","2.45B","0.65%"
"11/02/2023","16,890.80","16,849.95","16,903.75","16,823.00","2.24B","0.94%"
"11/01/2023","16,732.95","16,808.50","16,834.10","16,719.10","2.39B","-0.41%"
"10/31/2023","16,801.10","16,909.70","16,910.00","16,785.55","1.85B","-0.15%"
"10/30/2023","16,826.10","16,784.95","16,837.80","16,661.95","2.06B","0.36%"
"10/27/2023","16,765.45","16,636.05","16,793.10","16,634.60","2.14B","1.27%"
"10/26/2023","16,555.45","16,678.70","16,689.10","16,466.25","2.56B","-1.23%"
"10/25/2023","16,760.80","16,912.40","16,967.10","16,677.15","2.45B","-0.76%"
"10/23/2023","16,888.70","17,204.75","17,224.80","16,859.85","2.54B","-1.86%"
"10/20/2023","17,208.75","17,258.30","17,295.05","17,190.60","2.59B","-0.59%"
"10/19/2023","17,310.50","17,251.20","17,344.60","17,202.25","2.05B","-0.19%"
"10/18/2023","17,344.00","17,484.35","17,492.40","17,332.30","2.32B","-0.71%"
"10/17/2023","17,467.70","17,490.05","17,494.50","17,437.95","2.19B","0.43%"
"10/16/2023","17,393.00","17,390.35","17,431.50","17,353.15","2.16B","0.02%"
"10/13/2023","17,390.35","17,323.05","17,436.50","17,306.55","2.28B","-0.17%"
"10/12/2023","17,419.70","17,438.30","17,457.85","17,402.45","2.14B","0.07%"
"10/11/2023","17,407.35","17,380.65","17,447.80","17,375.50","2.19B","0.60%"
"10/10/2023","17,303.35","17,184.55","17,319.30","17,184.55","2.00B","1.03%"
"10/09/2023","17,127.70","17,170.50","17,206.85","17,096.65","2.34B","-0.96%"
"10/06/2023","17,293.60","17,263.35","17,310.10","17,237.10","2.24B","0.57%"
"10/05/2023","17,195.80","17,202.25","17,234.00","17,154.30","2.48B","0.42%"
"10/04/2023","17,123.10","17,195.55","17,200.70","17,032.60","3.00B","-0.76%"
"10/03/2023","17,254.40","17,294.50","17,295.45","17,201.70","2.47B","-0.22%"
"09/29/2023","17,292.60","17,227.55","17,357.15","17,205.20","2.09B","0.71%"
"09/28/2023","17,170.45","17,384.05","17,389.20","17,147.00","2.92B","-0.99%"
"09/27/2023","17,341.60","17,270.40","17,352.10","17,217.45","2.42B","0.38%"
"09/26/2023","17,276.75","17,284.90","17,312.35","17,250.30","2.39B","0.02%"
"09/25/2023","17,272.55","17,276.35","17,308.20","17,198.20","2.34B","0.07%"
"09/22/2023","17,260.80","17,314.40","17,361.80","17,226.05","3.03B","-0.25%"
"09/21/2023","17,303.50","17,409.10","17,422.75","17,273.10","2.88B","-0.84%"
"09/20/2023","17,449.35","17,513.20","17,571.15","17,419.75","3.10B","-0.93%"
"09/18/2023","17,613.60","17,666.85","17,671.60","17,601.55","4.46B","-0.30%"
"09/15/2023","17,665.80","17,662.80","17,691.85","17,620.90","4.14B","0.35%"
"09/14/2023","17,603.50","17,593.25","17,648.55","17,546.00","2.95B","0.44%"
"09/13/2023","17,526.75","17,458.40","17,540.85","17,364.35","3.48B","0.38%"
"09/12/2023","17,460.55","17,753.95","17,754.05","17,422.05","4.43B","-1.09%"
"09/11/2023","17,653.35","17,567.20","17,660.80","17,550.20","3.72B","0.95%"
"09/08/2023","17,487.45","17,437.65","17,519.60","17,385.50","2.99B","0.59%"
"09/07/2023","17,385.50","17,292.35","17,395.00","17,269.10","2.77B","0.58%"
"09/06/2023","17,284.60","17,274.20","17,298.80","17,198.75","3.05B","0.19%"
"09/05/2023","17,252.10","17,228.20","17,264.90","17,180.95","3.77B","0.41%"
"09/04/2023","17,180.95","17,157.90","17,191.20","17,074.55","4.46B","0.62%"
"09/01/2023","17,074.55","16,940.20","17,088.10","16,931.50","3.95B","0.89%"
"08/31/2023","16,924.30","17,001.35","17,011.80","16,904.70","3.89B","-0.26%"
"08/30/2023","16,968.95","17,010.15","17,035.60","16,959.10","2.25B","0.25%"
"08/29/2023","16,927.30","16,933.85","16,938.80","16,898.05","2.51B","0.31%"
"08/28/2023","16,875.30","16,866.40","16,918.25","16,823.40","2.44B","0.32%"
"08/25/2023","16,820.85","16,871.00","16,905.70","16,785.25","2.51B","-0.65%"
"08/24/2023","16,930.15","17,039.25","17,074.25","16,916.40","2.41B","-0.12%"
"08/23/2023","16,950.25","16,950.90","16,981.85","16,912.15","2.28B","0.27%"
"08/22/2023","16,905.25","16,886.95","16,925.45","16,874.80","2.25B","0.32%"
"08/21/2023","16,852.05","16,780.75","16,872.55","16,766.70","1.77B","0.56%"
"08/18/2023","16,757.70","16,768.00","16,803.25","16,722.05","1.90B","-0.27%"
"08/17/2023","16,802.25","16,858.85","16,869.40","16,781.60","2.05B","-0.30%"
"08/16/2023","16,853.05","16,779.60","16,867.80","16,732.75","1.96B","0.16%"
"08/14/2023","16,825.55","16,827.75","16,854.10","16,661.00","2.03B","-0.21%"
"08/11/2023","16,860.15","16,970.05","16,972.05","16,845.80","2.28B","-0.47%"
"08/10/2023","16,939.85","16,999.50","17,013.45","16,901.55","2.35B","-0.38%"
"08/09/2023","17,003.85","16,966.85","17,011.95","16,881.75","2.11B","0.32%"
"08/08/2023","16,949.25","16,991.85","16,998.15","16,889.85","2.39B","-0.04%"
"08/07/2023","16,956.35","16,948.35","16,970.05","16,897.50","2.25B","0.39%"
"08/04/2023","16,890.60","16,847.40","16,914.45","16,836.55","2.63B","0.71%"
"08/03/2023","16,772.30","16,818.35","16,878.75","16,691.65","2.55B","-0.51%"
"08/02/2023","16,858.95","17,005.60","17,018.85","16,755.90","2.42B","-1.13%"
"08/01/2023","17,051.15","17,096.60","17,102.10","17,026.30","2.33B","-0.05%"
"07/31/2023","17,059.00","16,972.50","17,072.80","16,939.00","2.44B","0.65%"
"07/28/2023","16,948.35","16,935.05","16,960.50","16,880.60","2.07B","0.17%"
"07/27/2023","16,919.20","17,038.35","17,056.20","16,873.00","2.48B","-0.33%"
"07/26/2023","16,975.00","16,950.70","17,011.00","16,931.60","2.31B","0.46%"
"07/25/2023","16,896.90","16,918.80","16,918.85","16,832.45","2.29B","0.19%"
"07/24/2023","16,865.15","16,921.75","16,948.40","16,852.20","2.88B","-0.23%"
"07/21/2023","16,904.30","16,931.95","16,991.40","16,874.95","2.36B","-0.81%"
"07/20/2023","17,042.55","16,965.45","17,051.00","16,912.70","2.16B","0.53%"
"07/19/2023","16,953.50","16,919.05","16,964.25","16,877.45","1.99B","0.48%"
"07/18/2023","16,872.00","16,932.95","16,940.15","16,818.30","2.00B","0.00%"
"07/17/2023","16,872.05","16,811.65","16,884.95","16,784.35","2.05B","0.64%"
"07/14/2023","16,765.45","16,695.70","16,786.00","16,655.05","1.68B","0.85%"
"07/13/2023","16,623.90","16,726.95","16,774.50","16,596.45","2.16B","-0.10%"
"07/12/2023","16,641.05","16,697.10","16,703.25","16,627.30","2.11B","-0.04%"
"07/11/2023","16,648.00","16,610.95","16,698.80","16,597.55","1.98B","0.57%"
"07/10/2023","16,553.75","16,620.90","16,623.95","16,530.75","1.78B","-0.07%"
"07/07/2023","16,564.90","16,653.30","16,718.20","16,541.60","2.18B","-0.78%"
"07/06/2023","16,695.05","16,600.75","16,703.30","16,590.70","2.48B","0.59%"
"07/05/2023","16,597.20","16,580.20","16,611.15","16,540.20","2.34B","0.25%"
"07/04/2023","16,556.05","16,597.50","16,599.25","16,499.15","2.89B","0.17%"
"07/03/2023","16,527.95","16,490.95","16,541.90","16,485.30","2.21B","0.60%"
"06/30/2023","16,430.00","16,354.95","16,437.45","16,326.00","2.17B","0.94%"
"06/28/2023","16,277.20","16,239.85","16,296.00","16,210.45","2.07B","0.70%"
"06/27/2023","16,163.50","16,118.65","16,171.20","16,104.20","1.48B","0.61%"
"06/26/2023","16,066.15","16,017.50","16,079.00","15,995.10","1.33B","0.34%"
"06/23/2023","16,011.80","16,126.70","16,133.95","15,999.40","1.51B","-0.80%"
"06/22/2023","16,140.80","16,252.75","16,264.15","16,128.80","1.80B","-0.62%"
"06/21/2023","16,240.95","16,244.55","16,277.35","16,201.40","1.86B","0.25%"
"06/20/2023","16,199.95","16,147.55","16,215.60","16,080.95","1.69B","0.36%"
"06/19/2023","16,142.15","16,231.05","16,244.95","16,117.85","1.73B","-0.24%"
"06/16/2023","16,181.45","16,100.90","16,211.25","16,091.80","2.04B","0.77%"
"06/15/2023","16,058.25","16,106.85","16,138.70","16,039.05","1.70B","-0.16%"
"06/14/2023","16,084.05","16,082.15","16,094.10","16,035.15","2.02B","0.22%"
"06/13/2023","16,048.20","15,964.80","16,057.50","15,964.30","1.91B","0.75%"
"06/12/2023","15,929.10","15,913.20","15,946.15","15,874.40","1.72B","0.33%"
"06/09/2023","15,877.40","15,947.95","15,961.70","15,866.80","1.90B","-0.27%"
"06/08/2023","15,921.05","16,021.70","16,048.80","15,906.15","2.37B","-0.54%"
"06/07/2023","16,006.70","15,938.30","16,016.00","15,920.25","3.11B","0.81%"
"06/06/2023","15,878.40","15,873.75","15,895.70","15,816.70","1.73B","0.12%"
"06/05/2023","15,859.50","15,877.45","15,899.15","15,851.75","1.79B","0.31%"
"06/02/2023","15,811.20","15,816.80","15,838.45","15,774.65","1.85B","0.32%"
"06/01/2023","15,760.35","15,801.95","15,823.95","15,743.40","1.76B","-0.04%"
"05/31/2023","15,766.40","15,773.80","15,789.20","15,706.50","3.45B","-0.21%"
"05/30/2023","15,799.45","15,784.25","15,823.90","15,759.35","1.64B","0.17%"
"05/29/2023","15,772.35","15,791.75","15,805.75","15,758.15","1.76B","0.48%"
"05/26/2023","15,696.75","15,589.50","15,704.00","15,567.85","1.56B","0.91%"
"05/25/2023","15,555.25","15,510.20","15,568.55","15,474.15","1.79B","0.25%"
"05/24/2023","15,515.95","15,517.20","15,591.40","15,493.30","1.76B","-0.19%"
"05/23/2023","15,544.75","15,551.05","15,595.65","15,528.75","1.49B","0.26%"
"05/22/2023","15,504.00","15,409.05","15,517.65","15,386.90","1.70B","0.63%"
"05/19/2023","15,407.55","15,399.50","15,418.80","15,278.70","1.40B","0.30%"
"05/18/2023","15,361.60","15,506.65","15,514.90","15,346.85","1.59B","-0.42%"
"05/17/2023","15,426.35","15,508.25","15,512.85","15,367.00","1.71B","-0.43%"
"05/16/2023","15,492.40","15,584.40","15,592.25","15,476.65","1.78B","-0.37%"
"05/15/2023","15,549.70","15,495.85","15,591.95","15,464.65","1.36B","0.47%"
"05/12/2023","15,477.35","15,475.05","15,506.15","15,401.65","1.35B","-0.04%"
"05/11/2023","15,484.05","15,512.35","15,526.75","15,461.85","1.60B","0.12%"
"05/10/2023","15,466.05","15,458.05","15,476.10","15,372.45","1.63B","0.29%"
"05/09/2023","15,420.60","15,462.75","15,502.70","15,393.95","1.81B","-0.04%"
"05/08/2023","15,427.10","15,321.90","15,440.85","15,310.75","1.76B","0.97%"
"05/05/2023","15,278.60","15,330.35","15,394.90","15,265.85","2.11B","-0.82%"
"05/04/2023","15,405.50","15,282.25","15,414.70","15,272.70","2.23B","0.85%"
"05/03/2023","15,276.40","15,277.75","15,305.05","15,239.50","2.17B","-0.16%"
"05/02/2023","15,300.75","15,276.20","15,327.75","15,261.15","2.19B","0.53%"
"04/28/2023","15,219.55","15,111.05","15,235.45","15,077.45","2.21B","0.96%"
"04/27/2023","15,075.05","14,999.90","15,085.85","14,989.20","1.98B","0.54%"
"04/26/2023","14,994.40","14,954.20","15,003.10","14,918.55","2.11B","0.26%"
"04/25/2023","14,955.70","14,945.80","14,981.30","14,916.35","2.00B","0.17%"
"04/24/2023","14,930.15","14,903.95","14,937.20","14,841.60","1.56B","0.56%"
"04/21/2023","14,847.10","14,879.60","14,888.65","14,789.95","1.45B","-0.10%"
"04/20/2023","14,861.75","14,878.55","14,905.80","14,835.90","1.11B","0.03%"
"04/19/2023","14,856.90","14,901.25","14,905.60","14,832.90","1.47B","-0.27%"
"04/18/2023","14,897.00","14,949.10","14,949.10","14,852.65","1.59B","-0.05%"
"04/17/2023","14,904.30","14,970.35","14,970.35","14,794.45","1.40B","-0.33%"
"04/13/2023","14,954.25","14,946.45","14,965.70","14,885.25","1.30B","0.08%"
"04/12/2023","14,941.55","14,902.20","14,949.90","14,871.90","1.20B","0.50%"
"04/11/2023","14,867.25","14,854.65","14,893.60","14,814.35","1.24B","0.52%"
"04/10/2023","14,790.55","14,797.35","14,833.45","14,767.00","1.21B","0.21%"
"04/06/2023","14,759.20","14,701.10","14,786.00","14,673.70","1.30B","0.34%"
"04/05/2023","14,709.40","14,620.70","14,718.90","14,611.25","1.35B","0.74%"
"04/03/2023","14,601.95","14,621.05","14,621.05","14,541.60","1.38B","0.30%"
"03/31/2023","14,557.85","14,442.30","14,577.15","14,438.80","1.74B","1.48%"
"03/29/2023","14,345.60","14,218.60","14,377.30","14,218.60","1.96B","0.94%"
"03/28/2023","14,211.80","14,289.95","14,300.20","14,177.50","1.46B","-0.36%"
"03/27/2023","14,262.70","14,306.60","14,348.95","14,238.90","1.48B","-0.11%"
"03/24/2023","14,279.00","14,409.00","14,434.10","14,257.50","1.40B","-0.87%"
"03/23/2023","14,403.60","14,422.95","14,490.65","14,388.30","1.16B","-0.39%"
"03/22/2023","14,460.00","14,470.05","14,497.15","14,432.20","","0.34%"
"03/21/2023","14,411.30","14,379.05","14,428.15","14,339.95","1.33B","0.66%"
"03/20/2023","14,317.10","14,389.85","14,393.60","14,196.50","1.62B","-0.72%"
"03/17/2023","14,420.85","14,436.25","14,464.90","14,327.75","2.34B","0.63%"
"03/16/2023","14,330.35","14,328.50","14,387.65","14,189.00","2.17B","0.07%"
"03/15/2023","14,320.30","14,458.15","14,494.35","14,298.15","1.39B","-0.27%"
"03/14/2023","14,358.55","14,462.00","14,499.20","14,306.80","1.54B","-0.66%"
"03/13/2023","14,454.45","14,681.55","14,752.85","14,420.50","1.82B","-1.54%"
"03/10/2023","14,679.85","14,695.05","14,699.35","14,593.40","1.25B","-0.84%"
"03/09/2023","14,803.95","14,947.05","14,952.85","14,788.90","1.34B","-0.79%"
"03/08/2023","14,921.95","14,843.10","14,932.40","14,791.25","1.38B","0.28%"
"03/06/2023","14,881.00","14,848.35","14,942.05","14,843.70","1.62B","0.72%"
"03/03/2023","14,774.75","14,686.25","14,813.05","14,676.05","1.83B","1.29%"
"03/02/2023","14,587.25","14,654.80","14,668.40","14,575.95","1.56B","-0.53%"
"03/01/2023","14,664.85","14,557.00","14,675.05","14,550.10","1.61B","1.01%"
"02/28/2023","14,518.75","14,550.00","14,584.45","14,476.00","2.04B","-0.21%"
"02/27/2023","14,548.70","14,600.90","14,609.40","14,465.70","1.36B","-0.56%"
"02/24/2023","14,630.45","14,723.40","14,741.95","14,598.95","1.44B","-0.25%"
"02/23/2023","14,666.75","14,715.20","14,740.80","14,599.10","1.74B","-0.24%"
"02/22/2023","14,701.90","14,854.15","14,861.05","14,674.25","1.45B","-1.42%"
"02/21/2023","14,913.95","14,982.00","14,992.70","14,894.15","1.36B","-0.17%"
"02/20/2023","14,938.65","15,023.45","15,036.45","14,920.70","1.49B","-0.44%"
"02/17/2023","15,003.95","15,036.25","15,077.00","14,966.30","1.18B","-0.53%"
"02/16/2023","15,083.75","15,098.45","15,135.35","15,060.00","1.26B","0.29%"
"02/15/2023","15,039.65","14,939.00","15,053.55","14,923.25","1.26B","0.47%"
"02/14/2023","14,968.90","14,936.20","14,988.00","14,879.35","1.32B","0.46%"
"02/13/2023","14,900.50","15,011.35","15,022.55","14,875.85","1.39B","-0.77%"
"02/10/2023","15,015.85","14,992.65","15,031.10","14,969.55","1.57B","-0.09%"
"02/09/2023","15,030.10","15,036.85","15,054.75","14,956.90","1.57B","0.01%"
"02/08/2023","15,028.30","14,927.55","15,046.70","14,924.05","1.73B","0.85%"
"02/07/2023","14,902.20","14,950.15","14,970.80","14,845.95","1.68B","-0.21%"
"02/06/2023","14,934.15","14,939.40","14,954.30","14,870.55","2.18B","-0.19%"
"02/03/2023","14,962.35","14,904.10","14,972.15","14,746.45","2.02B","0.83%"
"02/02/2023","14,839.40","14,760.35","14,887.45","14,698.40","2.06B","-0.06%"
"02/01/2023","14,847.65","15,054.80","15,154.10","14,622.65","2.64B","-0.59%"
"01/31/2023","14,935.50","14,906.45","14,962.95","14,787.85","2.14B","0.55%"
"01/30/2023","14,854.20","14,807.50","14,955.15","14,675.05","2.18B","-0.14%"
"01/27/2023","14,874.75","15,160.15","15,165.40","14,779.10","2.36B","-1.96%"
"01/25/2023","15,171.95","15,364.40","15,368.70","15,146.40","1.80B","-1.41%"
"01/24/2023","15,388.55","15,451.20","15,459.30","15,364.20","1.39B","-0.10%"
"01/23/2023","15,403.20","15,411.50","15,427.50","15,364.25","1.75B","0.36%"
"01/20/2023","15,347.90","15,428.20","15,443.45","15,336.70","1.46B","-0.47%"
"01/19/2023","15,419.70","15,427.15","15,455.15","15,387.25","1.40B","-0.30%"
"01/18/2023","15,466.35","15,416.60","15,479.65","15,376.50","1.46B","0.46%"
"01/17/2023","15,396.15","15,328.85","15,411.00","15,291.60","1.66B","0.59%"
"01/16/2023","15,305.45","15,398.15","15,421.25","15,276.50","1.86B","-0.26%"
"01/13/2023","15,346.10","15,295.90","15,370.05","15,215.00","1.65B","0.44%"
"01/12/2023","15,279.60","15,329.70","15,347.20","15,203.55","1.53B","-0.14%"
"01/11/2023","15,301.35","15,342.75","15,375.10","15,257.00","1.62B","-0.16%"
"01/10/2023","15,325.25","15,470.00","15,472.45","15,262.10","1.60B","-0.81%"
"01/09/2023","15,450.10","15,360.40","15,472.15","15,353.35","1.62B","1.17%"
"01/06/2023","15,272.00","15,401.35","15,419.40","15,219.85","1.73B","-0.74%"
"01/05/2023","15,386.20","15,446.50","15,462.15","15,286.40","1.76B","-0.04%"
"01/04/2023","15,393.00","15,563.15","15,574.50","15,375.80","2.14B","-1.06%"
"01/03/2023","15,557.80","15,515.75","15,575.70","15,500.75","2.08B","0.22%"
"01/02/2023","15,523.65","15,479.95","15,536.35","15,433.30","2.10B","0.48%"
"12/30/2022","15,448.85","15,557.75","15,581.95","15,425.65","2.14B","-0.23%"
"12/29/2022","15,485.20","15,370.00","15,517.45","15,307.00","2.12B","0.34%"
"12/28/2022","15,432.80","15,390.55","15,468.15","15,363.65","2.37B","0.09%"
"12/27/2022","15,418.35","15,375.20","15,433.65","15,278.60","2.55B","0.78%"
"12/26/2022","15,298.55","15,060.85","15,350.35","14,985.40","2.91B","1.68%"
"12/23/2022","15,046.00","15,300.75","15,349.35","15,018.75","2.82B","-2.50%"
"12/22/2022","15,431.50","15,599.55","15,636.10","15,369.60","2.76B","-0.62%"
"12/21/2022","15,527.55","15,772.95","15,812.05","15,497.60","3.06B","-1.26%"
"12/20/2022","15,726.20","15,704.05","15,740.25","15,580.80","2.33B","-0.18%"
"12/19/2022","15,755.20","15,658.85","15,764.00","15,606.15","2.54B","0.76%"
"12/16/2022","15,636.35","15,710.90","15,799.35","15,625.25","2.88B","-0.93%"
"12/15/2022","15,783.80","15,938.05","15,968.20","15,758.85","3.34B","-1.13%"
"12/14/2022","15,963.80","15,958.15","15,988.55","15,946.30","4.42B","0.37%"
"12/13/2022","15,904.50","15,863.25","15,913.80","15,830.65","3.50B","0.48%"
"12/12/2022","15,828.00","15,759.65","15,836.85","15,687.95","2.79B","0.10%"
"12/09/2022","15,812.75","15,964.85","15,967.30","15,727.35","3.68B","-0.62%"
"12/08/2022","15,911.10","15,881.80","15,918.75","15,860.30","1.97B","0.31%"
"12/07/2022","15,862.00","15,932.25","15,953.25","15,836.05","2.01B","-0.38%"
"12/06/2022","15,922.85","15,904.10","15,936.70","15,881.60","2.31B","-0.28%"
"12/05/2022","15,967.20","15,994.95","15,999.80","15,881.80","2.37B","0.02%"
"12/02/2022","15,963.50","15,977.50","15,991.05","15,909.60","2.23B","-0.25%"
"12/01/2022","16,003.95","16,041.15","16,041.65","15,972.75","2.09B","0.36%"
"11/30/2022","15,946.15","15,827.45","15,991.60","15,820.55","3.15B","0.85%"
"11/29/2022","15,812.45","15,784.55","15,859.35","15,782.40","2.09B","0.18%"
"11/28/2022","15,784.45","15,683.75","15,817.35","15,642.80","2.41B","0.36%"
"11/25/2022","15,727.25","15,719.80","15,743.10","15,668.35","2.58B","0.30%"
"11/24/2022","15,680.80","15,588.45","15,706.50","15,567.75","1.94B","0.92%"
"11/23/2022","15,538.15","15,572.75","15,572.90","15,520.25","1.97B","0.19%"
"11/22/2022","15,509.20","15,472.65","15,518.10","15,437.30","1.89B","0.36%"
"11/21/2022","15,453.80","15,514.60","15,523.15","15,431.20","1.90B","-0.62%"
"11/18/2022","15,550.85","15,634.30","15,644.80","15,472.35","1.74B","-0.30%"
"11/17/2022","15,597.25","15,630.55","15,661.10","15,573.95","1.75B","-0.42%"
"11/16/2022","15,663.30","15,696.55","15,711.30","15,607.25","1.90B","-0.19%"
"11/15/2022","15,693.90","15,678.50","15,708.90","15,609.50","1.49B","0.28%"
"11/14/2022","15,650.20","15,672.50","15,684.25","15,627.75","1.98B","0.01%"
"11/11/2022","15,649.10","15,633.50","15,662.05","15,612.45","2.30B","1.35%"
"11/10/2022","15,440.00","15,490.25","15,523.90","15,384.35","1.70B","-0.82%"
"11/09/2022","15,567.25","15,684.45","15,686.35","15,534.85","2.29B","-0.31%"
"11/07/2022","15,615.15","15,610.95","15,647.25","15,505.75","2.10B","0.54%"
"11/04/2022","15,530.85","15,495.75","15,542.15","15,454.30","1.80B","0.30%"
"11/03/2022","15,484.70","15,407.80","15,519.15","15,401.30","1.53B","-0.08%"
"11/02/2022","15,497.55","15,560.45","15,561.10","15,470.40","1.36B","-0.26%"
"11/01/2022","15,537.40","15,507.95","15,545.85","15,460.70","1.76B","0.74%"
"10/31/2022","15,424.00","15,333.15","15,433.05","15,327.40","1.44B","1.20%"
"10/28/2022","15,241.60","15,265.45","15,290.15","15,191.60","1.49B","-0.02%"
"10/27/2022","15,244.25","15,246.55","15,273.30","15,172.15","1.79B","0.57%"
"10/25/2022","15,158.10","15,251.75","15,253.75","15,143.45","1.72B","-0.27%"
"10/24/2022","15,198.75","15,225.45","15,248.05","15,179.15","396.65M","0.78%"
"10/21/2022","15,081.10","15,159.60","15,181.90","15,036.10","1.65B","-0.21%"
"10/20/2022","15,112.10","14,998.45","15,128.40","14,979.60","1.95B","0.29%"
"10/19/2022","15,068.60","15,120.40","15,153.05","15,039.80","1.90B","0.08%"
"10/18/2022","15,056.55","15,009.10","15,071.95","15,007.25","1.74B","1.01%"
"10/17/2022","14,906.15","14,783.20","14,920.70","14,718.80","1.40B","0.61%"
"10/14/2022","14,815.10","14,979.15","14,989.15","14,803.70","1.27B","0.58%"
"10/13/2022","14,730.30","14,811.20","14,832.35","14,683.55","1.32B","-0.67%"
"10/12/2022","14,829.95","14,761.45","14,844.85","14,676.55","1.42B","0.73%"
"10/11/2022","14,721.90","14,980.45","14,982.75","14,692.55","1.50B","-1.54%"
"10/10/2022","14,951.65","14,857.00","14,989.05","14,818.50","1.42B","-0.57%"
"10/07/2022","15,036.70","15,030.20","15,055.65","14,943.15","1.54B","-0.11%"
"10/06/2022","15,053.05","15,063.55","15,119.90","15,042.20","1.65B","0.58%"
"10/04/2022","14,965.80","14,869.55","14,975.60","14,852.55","1.54B","2.24%"
"10/03/2022","14,638.50","14,837.10","14,858.65","14,585.80","1.65B","-1.29%"
"09/30/2022","14,829.35","14,586.90","14,881.30","14,516.30","1.87B","1.55%"
"09/29/2022","14,602.50","14,748.20","14,783.75","14,569.10","1.81B","-0.12%"
"09/28/2022","14,620.60","14,617.40","14,768.25","14,577.05","1.56B","-0.72%"
"09/27/2022","14,727.30","14,805.85","14,874.45","14,652.30","1.68B","0.01%"
"09/26/2022","14,725.70","14,916.90","14,932.50","14,671.05","1.99B","-2.20%"
"09/23/2022","15,057.65","15,324.30","15,360.20","15,032.75","1.72B","-1.81%"
"09/22/2022","15,335.30","15,284.60","15,386.75","15,224.95","1.87B","-0.17%"
"09/21/2022","15,361.25","15,449.25","15,516.50","15,320.05","1.63B","-0.71%"
"09/20/2022","15,470.35","15,423.50","15,557.30","15,410.25","1.51B","1.16%"
"09/19/2022","15,293.55","15,264.25","15,348.80","15,135.15","1.59B","0.33%"
"09/16/2022","15,243.95","15,529.35","15,542.00","15,197.90","2.58B","-2.16%"
"09/15/2022","15,580.35","15,686.00","15,724.45","15,543.90","1.81B","-0.32%"
"09/14/2022","15,630.70","15,423.90","15,688.10","15,423.90","2.02B","-0.25%"
"09/13/2022","15,669.85","15,667.35","15,686.85","15,635.15","1.80B","0.59%"
"09/12/2022","15,577.40","15,524.70","15,600.15","15,522.40","1.40B","0.71%"
"09/09/2022","15,467.40","15,547.55","15,548.85","15,426.40","1.88B","0.17%"
"09/08/2022","15,440.70","15,430.20","15,448.75","15,365.70","1.96B","0.79%"
"09/07/2022","15,319.40","15,222.25","15,334.00","15,199.40","2.33B","0.04%"
"09/06/2022","15,313.05","15,339.30","15,386.75","15,248.00","2.34B","0.12%"
"09/05/2022","15,294.40","15,221.75","15,311.95","15,217.35","2.06B","0.61%"
"09/02/2022","15,201.60","15,272.45","15,305.00","15,184.30","1.72B","-0.06%"
"09/01/2022","15,211.20","15,142.70","15,309.85","15,141.45","1.89B","-0.74%"
"08/30/2022","15,325.05","15,071.45","15,338.80","15,065.35","1.85B","2.35%"
"08/29/2022","14,972.75","14,797.80","15,016.25","14,793.95","1.54B","-1.15%"
"08/26/2022","15,147.55","15,187.10","15,242.65","15,116.20","1.71B","0.31%"
"08/25/2022","15,100.65","15,208.85","15,252.80","15,075.10","2.16B","-0.26%"
"08/24/2022","15,140.40","15,062.45","15,152.45","15,037.15","1.75B","0.33%"
"08/23/2022","15,090.50","14,887.00","15,128.25","14,879.90","1.84B","0.59%"
"08/22/2022","15,001.75","15,183.10","15,186.15","14,980.40","1.65B","-1.54%"
"08/19/2022","15,236.65","15,426.20","15,445.50","15,205.55","1.93B","-1.09%"
"08/18/2022","15,404.60","15,355.60","15,415.25","15,325.20","1.75B","0.17%"
"08/17/2022","15,379.05","15,325.35","15,398.45","15,306.55","1.88B","0.64%"
"08/16/2022","15,280.50","15,222.90","15,287.45","15,203.50","","0.92%"
"08/12/2022","15,140.55","15,102.80","15,162.30","15,060.75","1.74B","0.30%"
"08/11/2022","15,095.15","15,123.65","15,130.05","15,069.90","1.50B","0.73%"
"08/10/2022","14,985.80","15,033.30","15,033.30","14,919.20","1.69B","-0.05%"
"08/08/2022","14,993.35","14,910.60","15,009.90","14,867.20","1.44B","0.62%"
"08/05/2022","14,900.40","14,933.20","14,972.10","14,874.25","2.15B","0.05%"
"08/04/2022","14,892.45","14,944.95","14,974.70","14,688.00","2.32B","0.10%"
"08/03/2022","14,878.05","14,880.65","14,906.70","14,750.75","2.40B","0.01%"
"08/02/2022","14,876.60","14,831.90","14,906.00","14,765.30","3.26B","0.20%"
"08/01/2022","14,846.85","14,741.40","14,858.30","14,666.20","2.12B","1.24%"
"07/29/2022","14,665.65","14,588.15","14,677.75","14,553.65","1.92B","1.36%"
"07/28/2022","14,469.10","14,365.05","14,481.45","14,330.30","1.74B","1.45%"
"07/27/2022","14,262.55","14,131.80","14,272.20","14,099.90","1.51B","0.86%"
"07/26/2022","14,141.45","14,284.70","14,286.50","14,122.55","1.49B","-0.97%"
"07/25/2022","14,279.50","14,307.90","14,335.10","14,228.15","1.39B","-0.40%"
"07/22/2022","14,336.60","14,325.05","14,359.75","14,265.25","1.25B","0.45%"
"07/21/2022","14,271.80","14,172.80","14,288.60","14,141.65","1.38B","0.76%"
"07/20/2022","14,164.40","14,220.20","14,230.90","14,140.00","1.36B","0.80%"
"07/19/2022","14,051.65","13,922.55","14,067.75","13,922.35","1.28B","0.48%"
"07/18/2022","13,984.40","13,883.80","13,993.40","13,877.60","1.17B","1.41%"
"07/15/2022","13,790.20","13,761.10","13,804.05","13,695.20","1.08B","0.64%"
"07/14/2022","13,702.65","13,771.20","13,797.60","13,617.15","1.08B","-0.18%"
"07/13/2022","13,726.95","13,842.80","13,861.30","13,714.20","1.10B","-0.38%"
"07/12/2022","13,779.00","13,823.60","13,866.65","13,757.30","1.23B","-0.78%"
"07/11/2022","13,886.85","13,771.40","13,905.95","13,755.75","1.25B","0.42%"
"07/08/2022","13,828.25","13,873.75","13,874.70","13,770.90","1.09B","0.46%"
"07/07/2022","13,765.60","13,736.95","13,777.75","13,687.55","1.22B","0.99%"
"07/06/2022","13,631.30","13,472.80","13,647.20","13,443.35","1.16B","1.26%"
"07/05/2022","13,461.85","13,533.75","13,628.45","13,439.40","1.14B","-0.08%"
"07/04/2022","13,472.65","13,378.40","13,483.70","13,337.20","1.09B","0.58%"
"07/01/2022","13,394.45","13,335.25","13,422.45","13,192.90","1.29B","0.05%"
"06/30/2022","13,387.55","13,410.80","13,492.15","13,352.40","1.30B","-0.23%"
"06/29/2022","13,417.85","13,337.65","13,462.05","13,328.20","1.41B","-0.34%"
"06/28/2022","13,464.25","13,389.85","13,487.50","13,330.75","1.24B","0.15%"
"06/27/2022","13,444.55","13,506.35","13,510.80","13,432.65","1.20B","0.92%"
"06/24/2022","13,322.50","13,269.20","13,337.70","13,247.95","1.19B","1.09%"
"06/23/2022","13,178.80","13,081.90","13,231.90","13,021.25","1.23B","1.00%"
"06/22/2022","13,047.75","13,176.10","13,184.90","13,028.35","1.28B","-1.47%"
"06/21/2022","13,241.90","13,042.80","13,275.50","13,019.35","1.45B","2.25%"
"06/20/2022","12,950.75","13,026.15","13,049.40","12,855.55","1.55B","-0.34%"
"06/17/2022","12,994.75","13,011.40","13,111.95","12,903.85","1.64B","-0.72%"
"06/16/2022","13,089.20","13,508.70","13,527.80","13,064.05","1.38B","-2.18%"
"06/15/2022","13,380.85","13,412.20","13,448.45","13,366.75","973.34M","-0.06%"
"06/14/2022","13,388.30","13,341.95","13,506.50","13,324.15","1.24B","-0.21%"
"06/13/2022","13,416.90","13,521.20","13,527.75","13,356.20","1.31B","-2.65%"
"06/10/2022","13,781.75","13,825.00","13,860.05","13,757.95","1.03B","-1.40%"
"06/09/2022","13,977.10","13,816.70","13,989.00","13,790.00","1.11B","0.65%"
"06/08/2022","13,886.90","13,981.65","14,020.45","13,832.45","1.23B","-0.35%"
"06/07/2022","13,935.60","13,978.65","13,990.20","13,883.75","1.12B","-0.84%"
"06/06/2022","14,054.10","14,042.40","14,081.20","13,932.15","1.12B","-0.17%"
"06/03/2022","14,077.90","14,280.35","14,300.00","14,064.90","1.21B","-0.64%"
"06/02/2022","14,167.95","14,059.25","14,179.30","14,029.80","1.28B","0.60%"
"06/01/2022","14,082.90","14,132.10","14,186.90","14,009.05","1.37B","-0.26%"
"05/31/2022","14,119.60","14,106.00","14,215.45","14,067.05","2.59B","-0.25%"
"05/30/2022","14,154.80","14,022.60","14,163.05","14,009.65","1.40B","2.03%"
"05/27/2022","13,873.15","13,839.30","13,885.05","13,768.30","1.25B","1.10%"
"05/26/2022","13,722.55","13,651.55","13,756.85","13,445.25","1.68B","0.99%"
"05/25/2022","13,587.75","13,805.10","13,821.40","13,574.50","1.37B","-1.16%"
"05/24/2022","13,747.25","13,858.05","13,883.55","13,709.40","1.57B","-0.64%"
"05/23/2022","13,835.80","13,929.75","14,005.50","13,813.60","1.57B","-0.43%"
"05/20/2022","13,895.05","13,755.05","13,906.40","13,733.55","1.40B","2.54%"
"05/19/2022","13,550.90","13,625.75","13,680.65","13,520.95","1.52B","-2.64%"
"05/18/2022","13,918.20","13,989.35","14,064.00","13,896.60","1.59B","-0.06%"
"05/17/2022","13,926.05","13,648.45","13,944.70","13,632.15","1.54B","2.61%"
"05/16/2022","13,571.20","13,540.25","13,646.30","13,434.45","1.50B","0.74%"
"05/13/2022","13,471.50","13,621.20","13,738.55","13,435.05","1.73B","0.05%"
"05/12/2022","13,465.25","13,656.95","13,671.00","13,389.75","1.83B","-2.23%"
"05/11/2022","13,771.80","13,888.15","13,949.10","13,589.35","1.79B","-0.61%"
"05/10/2022","13,855.95","13,953.95","14,068.40","13,823.35","1.35B","-0.97%"
"05/09/2022","13,991.75","14,002.75","14,088.30","13,879.55","1.42B","-1.09%"
"05/06/2022","14,145.75","14,159.10","14,205.00","14,073.45","1.53B","-1.73%"
"05/05/2022","14,395.50","14,542.15","14,606.05","14,365.55","1.35B","0.01%"
"05/04/2022","14,393.35","14,771.45","14,798.30","14,343.60","1.62B","-2.33%"
"05/02/2022","14,736.30","14,647.25","14,751.05","14,617.75","1.41B","-0.32%"
"04/29/2022","14,783.35","14,991.45","15,011.70","14,743.35","1.61B","-0.88%"
"04/28/2022","14,913.90","14,886.50","14,964.60","14,765.85","1.61B","1.07%"
"04/27/2022","14,756.00","14,797.35","14,825.55","14,678.95","1.54B","-0.96%"
"04/26/2022","14,898.35","14,818.80","14,915.35","14,785.85","1.36B","1.54%"
"04/25/2022","14,673.00","14,758.60","14,769.10","14,623.10","1.53B","-1.49%"
"04/22/2022","14,894.85","14,948.10","15,015.35","14,875.80","1.49B","-1.06%"
"04/21/2022","15,053.95","14,946.30","15,067.45","14,929.15","1.44B","1.37%"
"04/20/2022","14,850.30","14,807.15","14,905.25","14,747.95","1.46B","0.84%"
"04/19/2022","14,726.65","15,012.75","15,041.65","14,617.05","1.85B","-1.34%"
"04/18/2022","14,926.05","14,942.60","14,971.50","14,821.25","1.67B","-1.40%"
"04/13/2022","15,138.55","15,239.65","15,284.70","15,126.65","1.39B","-0.17%"
"04/12/2022","15,164.70","15,281.85","15,283.35","15,078.45","1.77B","-1.05%"
"04/11/2022","15,325.50","15,337.50","15,386.85","15,294.30","1.75B","-0.11%"
"04/08/2022","15,342.40","15,271.35","15,386.10","15,202.50","2.39B","0.93%"
"04/07/2022","15,201.25","15,292.35","15,361.20","15,185.70","3.30B","-0.83%"
"04/06/2022","15,327.90","15,318.15","15,387.40","15,293.85","2.84B","-0.41%"
"04/05/2022","15,390.50","15,433.05","15,477.80","15,360.20","1.87B","0.04%"
"04/04/2022","15,384.20","15,192.80","15,393.35","15,184.70","1.96B","1.97%"
"04/01/2022","15,087.30","14,890.10","15,111.35","14,882.60","1.85B","1.29%"
"03/31/2022","14,894.50","14,925.55","14,963.40","14,871.00","1.82B","-0.02%"
"03/30/2022","14,896.90","14,880.70","14,924.75","14,823.55","2.15B","0.91%"
"03/29/2022","14,761.90","14,744.05","14,773.15","14,689.60","1.72B","0.59%"
"03/28/2022","14,675.85","14,686.25","14,694.85","14,515.65","1.55B","0.16%"
"03/25/2022","14,651.70","14,763.90","14,768.30","14,590.45","1.40B","-0.32%"
"03/24/2022","14,699.35","14,598.75","14,744.70","14,595.70","1.61B","0.03%"
"03/23/2022","14,695.15","14,806.60","14,833.30","14,660.45","1.68B","-0.20%"
"03/22/2022","14,724.05","14,613.10","14,738.15","14,492.25","1.52B","0.83%"
"03/21/2022","14,602.35","14,773.05","14,789.85","14,590.70","1.50B","-0.81%"
"03/17/2022","14,721.70","14,667.20","14,756.55","14,644.75","2.60B","1.66%"
"03/16/2022","14,481.80","14,392.55","14,491.45","14,369.50","1.28B","1.87%"
"03/15/2022","14,215.85","14,408.75","14,433.75","14,130.90","1.77B","-1.10%"
"03/14/2022","14,374.60","14,248.90","14,389.35","14,189.10","1.45B","0.97%"
"03/11/2022","14,237.15","14,145.50","14,268.30","14,098.70","1.53B","0.34%"
"03/10/2022","14,189.00","14,313.20","14,316.80","14,079.85","1.95B","1.50%"
"03/09/2022","13,979.60","13,786.40","14,037.65","13,721.95","1.86B","1.99%"
"03/08/2022","13,706.75","13,504.75","13,720.10","13,423.55","1.99B","1.05%"
"03/07/2022","13,564.25","13,594.75","13,637.50","13,438.30","2.13B","-2.37%"
"03/04/2022","13,893.15","14,020.20","14,075.00","13,828.45","2.16B","-1.72%"
"03/03/2022","14,135.95","14,327.70","14,364.60","14,094.30","1.98B","-0.45%"
"03/02/2022","14,199.80","14,161.70","14,265.50","14,104.75","1.96B","-0.76%"
"02/28/2022","14,307.95","14,047.75","14,320.95","13,928.80","2.04B","0.85%"
"02/25/2022","14,187.40","14,018.10","14,247.05","14,007.70","2.08B","2.99%"
"02/24/2022","13,775.70","14,055.85","14,180.85","13,747.45","2.90B","-5.04%"
"02/23/2022","14,506.95","14,581.05","14,629.05","14,482.30","1.36B","0.12%"
"02/22/2022","14,489.05","14,269.45","14,527.20","14,267.60","1.79B","-0.74%"
"02/21/2022","14,597.10","14,638.35","14,733.10","14,498.20","1.69B","-0.77%"
"02/18/2022","14,710.70","14,711.30","14,815.00","14,692.65","1.11B","-0.42%"
"02/17/2022","14,772.05","14,857.10","14,895.65","14,725.05","1.17B","-0.12%"
"02/16/2022","14,789.90","14,876.65","14,935.60","14,756.50","1.47B","-0.11%"
"02/15/2022","14,805.55","14,469.00","14,822.75","14,348.40","1.81B","2.81%"
"02/14/2022","14,400.40","14,606.55","14,638.65","14,370.70","1.73B","-3.30%"
"02/11/2022","14,891.30","14,988.95","14,990.60","14,862.05","1.40B","-1.46%"
"02/10/2022","15,112.20","15,084.35","15,134.10","14,972.35","1.68B","0.64%"
"02/09/2022","15,016.35","14,942.75","15,026.50","14,925.05","1.41B","1.07%"
"02/08/2022","14,857.05","14,926.50","14,955.25","14,689.15","1.79B","-0.09%"
"02/07/2022","14,870.60","15,065.05","15,126.65","14,796.20","1.78B","-1.42%"
"02/04/2022","15,085.45","15,159.60","15,188.40","15,048.35","1.70B","-0.33%"
"02/03/2022","15,135.90","15,289.15","15,296.35","15,101.00","1.72B","-1.03%"
"02/02/2022","15,293.35","15,218.25","15,304.60","15,201.45","1.98B","1.17%"
"02/01/2022","15,116.20","15,073.15","15,138.20","14,850.30","2.29B","1.31%"
"01/31/2022","14,921.45","14,894.75","14,975.80","14,857.55","1.70B","1.35%"
"01/28/2022","14,723.25","14,773.05","14,952.15","14,701.60","2.11B","0.30%"
"01/27/2022","14,679.70","14,671.70","14,735.75","14,489.80","2.25B","-1.03%"
"01/25/2022","14,832.20","14,577.55","14,853.00","14,410.90","2.06B","0.82%"
"01/24/2022","14,712.05","15,155.00","15,165.40","14,577.15","2.09B","-3.09%"
"01/21/2022","15,180.80","15,252.90","15,294.70","15,069.05","1.62B","-1.17%"
"01/20/2022","15,361.10","15,464.45","15,486.15","15,280.55","1.45B","-0.72%"
"01/19/2022","15,472.50","15,580.40","15,580.40","15,403.20","1.82B","-0.65%"
"01/18/2022","15,573.10","15,819.45","15,834.20","15,546.65","1.88B","-1.32%"
"01/17/2022","15,781.25","15,731.35","15,794.95","15,718.25","1.70B","0.32%"
"01/14/2022","15,730.40","15,667.95","15,754.45","15,619.55","1.60B","0.06%"
"01/13/2022","15,721.05","15,710.30","15,730.95","15,629.45","1.90B","0.34%"
"01/12/2022","15,667.90","15,627.05","15,678.70","15,595.65","2.49B","0.88%"
"01/11/2022","15,530.55","15,497.50","15,559.10","15,462.05","3.92B","0.23%"
"01/10/2022","15,495.55","15,427.65","15,504.00","15,400.55","1.86B","0.96%"
"01/07/2022","15,348.55","15,333.45","15,418.40","15,255.45","1.96B","0.38%"
"01/06/2022","15,290.10","15,275.75","15,315.50","15,197.10","1.88B","-0.69%"
"01/05/2022","15,396.40","15,329.75","15,410.60","15,264.85","1.91B","0.51%"
"01/04/2022","15,318.75","15,260.90","15,333.60","15,168.15","2.03B","0.75%"
"01/03/2022","15,204.60","15,030.50","15,220.05","15,028.55","1.75B","1.39%"
"12/31/2021","14,996.20","14,879.25","15,022.35","14,877.85","1.84B","1.04%"
"12/30/2021","14,842.05","14,856.10","14,894.65","14,815.00","1.82B","-0.14%"
"12/29/2021","14,863.40","14,866.20","14,922.35","14,835.35","1.62B","-0.03%"
"12/28/2021","14,867.85","14,809.50","14,880.85","14,805.30","1.23B","0.95%"
"12/27/2021","14,727.60","14,617.15","14,745.55","14,515.25","1.36B","0.43%"
"12/24/2021","14,664.80","14,813.90","14,819.20","14,605.05","1.40B","-0.59%"
"12/23/2021","14,751.45","14,738.30","14,779.30","14,708.70","1.28B","0.76%"
"12/22/2021","14,639.75","14,542.70","14,652.35","14,522.55","1.41B","1.23%"
"12/21/2021","14,461.40","14,423.70","14,584.95","14,386.45","1.66B","1.12%"
"12/20/2021","14,300.70","14,523.50","14,533.80","14,128.15","2.12B","-2.54%"
"12/17/2021","14,673.15","14,952.75","14,966.10","14,658.50","1.92B","-1.76%"
"12/16/2021","14,936.45","15,072.95","15,078.85","14,891.60","1.66B","-0.11%"
"12/15/2021","14,953.10","15,050.10","15,075.70","14,936.60","1.51B","-0.60%"
"12/14/2021","15,043.25","15,005.50","15,072.00","14,947.95","1.82B","-0.14%"
"12/13/2021","15,064.25","15,258.10","15,280.00","15,052.90","2.05B","-0.60%"
"12/10/2021","15,155.00","15,103.65","15,168.80","15,069.80","2.45B","0.19%"
"12/09/2021","15,126.60","15,126.55","15,141.00","15,023.20","3.13B","0.35%"
"12/08/2021","15,073.25","14,945.30","15,084.50","14,941.30","1.74B","1.61%"
"12/07/2021","14,834.50","14,733.25","14,881.75","14,683.25","2.07B","1.48%"
"12/06/2021","14,618.35","14,876.25","14,882.15","14,599.35","2.91B","-1.60%"
"12/03/2021","14,856.30","15,002.65","15,054.95","14,845.25","2.47B","-0.79%"
"12/02/2021","14,973.95","14,808.80","14,990.30","14,786.65","2.14B","1.28%"
"12/01/2021","14,784.70","14,743.70","14,822.50","14,694.30","2.32B","0.93%"
"11/30/2021","14,648.35","14,662.05","14,912.75","14,608.60","2.70B","-0.06%"
"11/29/2021","14,656.45","14,683.05","14,749.50","14,402.10","2.24B","-0.35%"
"11/26/2021","14,707.20","14,990.85","15,012.10","14,674.75","2.24B","-2.93%"
"11/25/2021","15,150.60","15,057.60","15,166.65","14,984.70","1.86B","0.69%"
"11/24/2021","15,046.50","15,159.95","15,199.20","14,997.30","1.87B","-0.41%"
"11/23/2021","15,107.80","14,876.00","15,137.15","14,820.40","2.14B","0.88%"
"11/22/2021","14,976.70","15,333.90","15,339.65","14,846.70","2.11B","-2.13%"
"11/18/2021","15,302.55","15,461.50","15,502.60","15,239.80","1.73B","-0.99%"
"11/17/2021","15,454.95","15,487.15","15,560.75","15,436.95","1.37B","-0.45%"
"11/16/2021","15,525.40","15,613.10","15,626.65","15,492.60","1.51B","-0.43%"
"11/15/2021","15,592.60","15,625.75","15,664.45","15,558.05","1.33B","0.09%"
"11/12/2021","15,579.00","15,504.35","15,591.45","15,429.60","1.54B","1.09%"
"11/11/2021","15,411.10","15,497.25","15,499.90","15,351.20","1.51B","-0.71%"
"11/10/2021","15,521.10","15,492.05","15,562.45","15,458.50","1.89B","-0.13%"
"11/09/2021","15,541.95","15,542.05","15,579.50","15,487.70","2.04B","0.14%"
"11/08/2021","15,520.15","15,474.25","15,535.05","15,313.20","1.76B","0.93%"
"11/04/2021","15,376.90","15,380.95","15,396.85","15,363.35","371.11M","0.62%"
"11/03/2021","15,282.75","15,367.70","15,397.30","15,212.15","1.62B","-0.21%"
"11/02/2021","15,314.65","15,344.35","15,373.70","15,278.70","1.71B","0.08%"
"11/01/2021","15,302.70","15,179.40","15,318.15","15,111.30","1.86B","1.43%"
"10/29/2021","15,086.90","15,163.50","15,266.40","14,961.50","2.34B","-0.68%"
"10/28/2021","15,190.85","15,475.40","15,475.45","15,148.20","2.39B","-1.90%"
"10/27/2021","15,484.35","15,541.75","15,583.20","15,454.10","1.91B","-0.10%"
"10/26/2021","15,499.65","15,360.35","15,528.90","15,356.50","2.38B","1.08%"
"10/25/2021","15,334.35","15,492.00","15,498.40","15,181.60","2.42B","-0.42%"
"10/22/2021","15,399.70","15,537.05","15,600.45","15,328.90","2.66B","-0.57%"
"10/21/2021","15,487.65","15,666.60","15,667.00","15,373.45","2.52B","-0.52%"
"10/20/2021","15,568.65","15,768.00","15,776.35","15,497.00","2.61B","-1.20%"
"10/19/2021","15,757.85","16,003.95","16,004.45","15,716.70","2.96B","-0.81%"
"10/18/2021","15,886.15","15,924.10","15,949.20","15,871.40","3.73B","0.74%"
"10/14/2021","15,769.25","15,733.30","15,781.00","15,710.10","2.58B","0.88%"
"10/13/2021","15,631.40","15,573.60","15,660.20","15,546.85","3.03B","0.97%"
"10/12/2021","15,481.90","15,426.60","15,493.25","15,371.80","2.78B","0.35%"
"10/11/2021","15,428.00","15,374.50","15,497.80","15,356.55","2.17B","0.41%"
"10/08/2021","15,365.20","15,375.30","15,402.70","15,317.40","1.86B","0.49%"
"10/07/2021","15,290.15","15,274.65","15,335.95","15,251.00","2.13B","1.03%"
"10/06/2021","15,134.55","15,328.95","15,349.20","15,109.10","2.58B","-0.95%"
"10/05/2021","15,280.10","15,171.25","15,287.70","15,150.50","2.53B","0.65%"
"10/04/2021","15,181.15","15,094.40","15,195.20","15,075.25","2.05B","1.11%"
"10/01/2021","15,013.95","14,994.80","15,031.55","14,932.75","2.55B","-0.26%"
"09/30/2021","15,052.65","15,109.70","15,137.55","15,026.95","3.25B","-0.23%"
"09/29/2021","15,086.95","15,023.30","15,141.05","14,985.40","3.07B","-0.06%"
"09/28/2021","15,095.60","15,235.10","15,239.65","14,967.05","2.25B","-0.62%"
"09/27/2021","15,189.05","15,261.35","15,262.65","15,139.60","1.86B","-0.02%"
"09/24/2021","15,191.95","15,274.10","15,305.20","15,160.45","2.68B","-0.09%"
"09/23/2021","15,205.45","15,097.10","15,219.35","15,085.55","2.05B","1.43%"
"09/22/2021","14,990.55","14,977.30","15,030.85","14,950.35","2.02B","0.30%"
"09/21/2021","14,946.30","14,856.85","14,959.45","14,734.70","2.23B","0.81%"
"09/20/2021","14,826.75","14,907.50","15,047.65","14,800.85","2.43B","-1.33%"
"09/17/2021","15,027.25","15,169.90","15,207.70","14,979.35","4.29B","-0.51%"
"09/16/2021","15,104.90","15,050.85","15,115.35","15,012.25","5.35B","0.56%"
"09/15/2021","15,020.55","14,927.95","15,028.65","14,921.10","3.14B","0.78%"
"09/14/2021","14,904.35","14,917.05","14,935.55","14,881.55","2.92B","0.35%"
"09/13/2021","14,852.20","14,839.80","14,865.75","14,769.10","1.67B","0.11%"
"09/09/2021","14,836.45","14,780.60","14,844.40","14,774.15","1.83B","0.22%"
"09/08/2021","14,803.60","14,802.85","14,825.10","14,716.65","2.68B","0.13%"
"09/07/2021","14,784.25","14,834.95","14,852.25","14,713.55","2.37B","-0.15%"
"09/06/2021","14,805.85","14,827.05","14,843.40","14,783.45","1.61B","0.32%"
"09/03/2021","14,759.30","14,724.70","14,770.85","14,682.20","2.45B","0.51%"
"09/02/2021","14,684.35","14,571.30","14,692.00","14,548.50","2.20B","0.91%"
"09/01/2021","14,551.35","14,611.65","14,640.60","14,527.05","1.84B","-0.03%"
"08/31/2021","14,555.90","14,421.30","14,571.80","14,393.50","1.94B","1.10%"
"08/30/2021","14,397.90","14,257.40","14,411.95","14,250.55","1.42B","1.45%"
"08/27/2021","14,192.50","14,126.30","14,203.95","14,064.10","1.32B","0.61%"
"08/26/2021","14,106.95","14,106.45","14,147.05","14,074.90","1.49B","0.09%"
"08/25/2021","14,093.60","14,103.10","14,145.45","14,070.55","1.38B","0.22%"
"08/24/2021","14,063.25","13,986.95","14,075.90","13,942.50","1.61B","0.95%"
"08/23/2021","13,930.55","14,063.35","14,063.50","13,841.00","2.03B","-0.10%"
"08/20/2021","13,943.95","13,951.50","14,047.90","13,910.20","1.89B","-1.08%"
"08/18/2021","14,095.55","14,171.05","14,186.50","14,072.00","1.75B","-0.12%"
"08/17/2021","14,113.10","14,063.90","14,123.60","14,010.90","1.57B","0.30%"
"08/16/2021","14,070.80","14,063.75","14,087.40","14,016.75","1.31B","0.04%"
"08/13/2021","14,065.30","13,997.75","14,079.65","13,991.70","1.56B","0.67%"
"08/12/2021","13,971.95","13,901.10","13,979.85","13,884.05","1.49B","0.69%"
"08/11/2021","13,876.55","13,924.05","13,938.60","13,716.70","1.97B","-0.12%"
"08/10/2021","13,892.75","13,957.60","13,996.85","13,809.45","1.94B","-0.30%"
"08/09/2021","13,935.05","13,993.60","14,007.55","13,870.25","2.36B","-0.14%"
"08/06/2021","13,954.65","13,996.60","14,029.80","13,946.05","2.81B","-0.19%"
"08/05/2021","13,981.55","14,000.90","14,003.10","13,891.70","3.96B","0.09%"
"08/04/2021","13,969.35","13,998.05","14,045.05","13,944.10","3.15B","0.22%"
"08/03/2021","13,939.20","13,840.60","13,950.25","13,817.90","2.41B","1.13%"
"08/02/2021","13,783.70","13,759.80","13,789.90","13,732.85","1.95B","0.87%"
"07/30/2021","13,664.25","13,671.55","13,739.70","13,635.45","2.16B","0.15%"
"07/29/2021","13,643.75","13,631.50","13,668.90","13,608.90","2.11B","0.48%"
"07/28/2021","13,579.15","13,631.55","13,631.55","13,409.10","2.02B","-0.23%"
"07/27/2021","13,610.30","13,715.15","13,740.90","13,569.35","1.84B","-0.47%"
"07/26/2021","13,675.10","13,692.20","13,731.10","13,648.45","1.80B","-0.09%"
"07/23/2021","13,687.00","13,711.25","13,728.40","13,629.65","2.60B","0.12%"
"07/22/2021","13,670.20","13,592.40","13,678.95","13,590.30","2.17B","1.29%"
"07/20/2021","13,495.60","13,594.85","13,614.75","13,437.15","1.80B","-0.91%"
"07/19/2021","13,619.85","13,624.30","13,693.35","13,573.65","2.36B","-0.89%"
"07/16/2021","13,742.35","13,756.75","13,761.10","13,706.50","2.08B","0.16%"
"07/15/2021","13,720.35","13,686.35","13,738.60","13,677.35","1.62B","0.43%"
"07/14/2021","13,661.10","13,638.30","13,678.80","13,606.35","1.35B","0.24%"
"07/13/2021","13,628.85","13,633.10","13,635.55","13,580.45","1.54B","0.59%"
"07/12/2021","13,549.00","13,603.60","13,620.15","13,512.70","1.81B","0.16%"
"07/09/2021","13,527.95","13,513.50","13,545.65","13,470.20","1.57B","-0.04%"
"07/08/2021","13,532.70","13,627.70","13,660.85","13,488.10","1.87B","-0.72%"
"07/07/2021","13,631.00","13,577.50","13,644.45","13,542.05","1.79B","0.42%"
"07/06/2021","13,574.15","13,579.15","13,661.90","13,561.75","2.23B","-0.09%"
"07/05/2021","13,585.75","13,558.40","13,593.50","13,536.90","1.99B","0.68%"
"07/02/2021","13,494.45","13,480.30","13,506.10","13,435.25","1.81B","0.30%"
"07/01/2021","13,454.10","13,504.70","13,505.05","13,441.55","2.05B","-0.14%"
"06/30/2021","13,473.55","13,513.25","13,552.95","13,462.20","2.23B","-0.06%"
"06/29/2021","13,481.95","13,535.55","13,567.80","13,461.25","2.12B","-0.38%"
"06/28/2021","13,533.05","13,589.75","13,589.85","13,515.05","2.29B","-0.05%"
"06/25/2021","13,539.40","13,512.15","13,549.10","13,471.00","2.38B","0.53%"
"06/24/2021","13,468.25","13,460.80","13,486.75","13,434.50","1.93B","0.33%"
"06/23/2021","13,423.35","13,570.10","13,570.20","13,412.45","2.59B","-0.50%"
"06/22/2021","13,491.10","13,543.40","13,589.65","13,473.35","2.64B","0.26%"
"06/21/2021","13,456.10","13,240.90","13,468.80","13,221.05","2.61B","0.52%"
"06/18/2021","13,386.55","13,471.90","13,474.95","13,155.55","3.64B","-0.29%"
"06/17/2021","13,425.15","13,405.90","13,520.90","13,372.40","2.30B","-0.63%"
"06/16/2021","13,510.60","13,595.10","13,621.65","13,487.15","2.25B","-0.71%"
"06/15/2021","13,607.80","13,601.35","13,634.35","13,587.75","2.29B","0.40%"
"06/14/2021","13,554.15","13,551.75","13,565.00","13,342.40","2.89B","-0.07%"
"06/11/2021","13,563.85","13,577.05","13,601.00","13,513.85","2.69B","0.35%"
"06/10/2021","13,517.20","13,458.65","13,524.85","13,431.25","2.59B","0.90%"
"06/09/2021","13,396.40","13,532.20","13,569.75","13,333.85","3.37B","-0.74%"
"06/08/2021","13,496.55","13,510.05","13,513.05","13,420.55","2.76B","0.13%"
"06/07/2021","13,479.65","13,454.10","13,498.30","13,418.50","3.33B","0.64%"
"06/04/2021","13,393.90","13,412.75","13,433.60","13,352.15","3.06B","0.10%"
"06/03/2021","13,380.50","13,347.05","13,392.75","13,332.00","2.70B","0.80%"
"06/02/2021","13,274.25","13,183.80","13,290.70","13,177.80","2.62B","0.48%"
"06/01/2021","13,210.40","13,274.25","13,292.40","13,164.85","2.04B","-0.12%"
"05/31/2021","13,226.35","13,135.85","13,244.40","13,080.65","2.22B","0.83%"
"05/28/2021","13,117.05","13,134.70","13,160.35","13,098.85","2.52B","0.39%"
"05/27/2021","13,066.25","13,052.85","13,091.35","13,007.15","3.50B","0.34%"
"05/26/2021","13,022.20","13,010.00","13,043.85","12,954.15","2.37B","0.46%"
"05/25/2021","12,963.00","13,045.40","13,046.15","12,929.15","2.54B","0.00%"
"05/24/2021","12,962.45","12,963.00","13,003.60","12,912.25","2.95B","0.35%"
"05/21/2021","12,917.85","12,815.55","12,929.05","12,803.15","2.67B","1.42%"
"05/20/2021","12,736.45","12,831.30","12,854.65","12,718.20","2.68B","-0.57%"
"05/19/2021","12,809.00","12,816.55","12,882.50","12,791.15","2.43B","-0.23%"
"05/18/2021","12,839.10","12,794.95","12,855.60","12,783.15","2.44B","1.32%"
"05/17/2021","12,672.10","12,544.55","12,683.80","12,511.30","2.44B","1.60%"
"05/14/2021","12,472.15","12,595.15","12,595.35","12,408.10","2.99B","-0.52%"
"05/12/2021","12,537.95","12,646.25","12,646.95","12,496.65","4.15B","-0.83%"
"05/11/2021","12,642.25","12,559.95","12,675.20","12,538.65","3.75B","-0.22%"
"05/10/2021","12,669.90","12,649.45","12,685.80","12,625.90","3.08B","0.85%"
"05/07/2021","12,563.10","12,579.90","12,600.15","12,527.35","2.59B","0.49%"
"05/06/2021","12,501.90","12,465.70","12,514.10","12,407.65","2.21B","0.72%"
"05/05/2021","12,413.00","12,394.85","12,426.95","12,319.25","2.15B","0.92%"
"05/04/2021","12,300.45","12,457.40","12,487.15","12,272.35","3.09B","-0.76%"
"05/03/2021","12,395.25","12,256.85","12,419.00","12,210.55","2.32B","0.25%"
"04/30/2021","12,364.35","12,425.80","12,524.10","12,341.20","2.33B","-1.34%"
"04/29/2021","12,532.80","12,613.80","12,659.40","12,471.90","2.20B","0.12%"
"04/28/2021","12,517.95","12,422.50","12,537.05","12,412.00","1.90B","1.26%"
"04/27/2021","12,362.55","12,238.55","12,374.00","12,232.80","1.94B","1.19%"
"04/26/2021","12,216.85","12,197.10","12,263.60","12,180.85","1.76B","0.92%"
"04/23/2021","12,105.60","12,086.20","12,199.40","12,044.90","1.94B","-0.22%"
"04/22/2021","12,132.05","11,997.20","12,147.50","11,950.65","1.93B","0.64%"
"04/20/2021","12,055.40","12,213.55","12,232.85","11,981.35","1.78B","-0.17%"
"04/19/2021","12,076.45","12,032.75","12,094.55","11,923.20","1.96B","-1.80%"
"04/16/2021","12,298.05","12,261.90","12,358.55","12,232.40","1.82B","0.49%"
"04/15/2021","12,237.60","12,189.80","12,248.90","12,055.15","2.04B","0.42%"
"04/13/2021","12,186.70","12,068.05","12,201.55","12,006.70","2.28B","1.35%"
"04/12/2021","12,024.10","12,357.35","12,361.40","11,978.45","2.87B","-4.02%"
"04/09/2021","12,527.40","12,552.90","12,591.95","12,490.00","2.09B","-0.11%"
"04/08/2021","12,541.65","12,533.45","12,624.25","12,501.25","2.10B","0.48%"
"04/07/2021","12,481.30","12,389.25","12,510.70","12,347.70","1.88B","1.00%"
"04/06/2021","12,358.10","12,374.70","12,422.85","12,254.95","1.90B","0.48%"
"04/05/2021","12,298.60","12,463.70","12,466.25","12,149.40","2.04B","-1.45%"
"04/01/2021","12,479.00","12,401.35","12,492.55","12,334.35","2.03B","1.34%"
"03/31/2021","12,313.70","12,376.80","12,376.80","12,298.70","2.02B","-0.60%"
"03/30/2021","12,387.90","12,256.00","12,404.25","12,249.00","2.34B","1.97%"
"03/26/2021","12,148.90","12,134.75","12,191.95","12,072.20","2.17B","1.30%"
"03/25/2021","11,993.30","12,218.80","12,221.55","11,939.00","2.80B","-1.67%"
"03/24/2021","12,197.20","12,346.05","12,390.60","12,183.70","1.91B","-1.77%"
"03/23/2021","12,417.30","12,375.40","12,462.00","12,340.30","1.93B","0.64%"
"03/22/2021","12,338.60","12,322.75","12,360.45","12,235.60","1.85B","0.20%"
"03/19/2021","12,314.50","12,096.80","12,342.30","11,951.40","3.13B","1.15%"
"03/18/2021","12,174.45","12,426.90","12,449.85","12,100.60","2.31B","-1.18%"
"03/17/2021","12,319.90","12,540.15","12,546.55","12,301.15","1.94B","-1.54%"
"03/16/2021","12,512.70","12,564.80","12,601.05","12,487.80","1.86B","0.02%"
"03/15/2021","12,510.15","12,623.05","12,624.30","12,364.95","2.06B","-0.67%"
"03/12/2021","12,593.90","12,806.15","12,816.15","12,534.45","2.33B","-0.77%"
"03/10/2021","12,691.35","12,705.10","12,722.60","12,627.80","1.67B","0.59%"
"03/09/2021","12,617.20","12,638.40","12,679.65","12,494.60","2.35B","0.46%"
"03/08/2021","12,558.95","12,607.05","12,682.55","12,534.75","2.16B","0.16%"
"03/05/2021","12,539.00","12,621.95","12,697.05","12,478.45","2.79B","-1.18%"
"03/04/2021","12,688.85","12,607.55","12,771.10","12,589.75","3.13B","-0.59%"
"03/03/2021","12,764.80","12,635.85","12,781.85","12,603.05","2.96B","1.96%"
"03/02/2021","12,519.40","12,458.35","12,548.20","12,385.95","2.94B","1.22%"
"03/01/2021","12,368.30","12,316.30","12,395.80","12,271.85","2.89B","1.53%"
"02/26/2021","12,181.40","12,401.05","12,449.00","12,134.50","4.14B","-3.07%"
"02/25/2021","12,567.85","12,543.50","12,615.40","12,533.30","3.27B","0.90%"
"02/24/2021","12,455.20","12,299.55","12,470.20","12,294.85","1.82B","1.56%"
"02/23/2021","12,263.70","12,294.30","12,356.45","12,190.65","2.79B","0.42%"
"02/22/2021","12,212.55","12,457.25","12,471.65","12,174.60","2.74B","-1.82%"
"02/19/2021","12,438.80","12,540.85","12,592.50","12,360.70","4.13B","-1.01%"
"02/18/2021","12,565.70","12,633.30","12,655.40","12,535.65","3.90B","-0.25%"
"02/17/2021","12,597.45","12,631.10","12,669.85","12,561.55","3.44B","-0.39%"
"02/16/2021","12,647.20","12,679.65","12,724.55","12,580.95","2.74B","0.12%"
"02/15/2021","12,632.05","12,592.00","12,648.70","12,576.70","2.19B","0.99%"
"02/12/2021","12,508.55","12,531.35","12,571.00","12,443.05","2.43B","-0.04%"
"02/11/2021","12,514.10","12,433.50","12,522.45","12,426.15","2.38B","0.50%"
"02/10/2021","12,452.45","12,452.95","12,490.45","12,347.10","2.38B","0.15%"
"02/09/2021","12,434.20","12,487.60","12,545.45","12,396.20","2.93B","-0.06%"
"02/08/2021","12,441.30","12,389.50","12,469.30","12,376.65","2.55B","1.31%"
"02/05/2021","12,279.85","12,345.25","12,386.25","12,247.45","3.53B","-0.05%"
"02/04/2021","12,285.85","12,184.65","12,297.55","12,140.85","3.40B","0.92%"
"02/03/2021","12,174.05","12,139.70","12,234.70","12,005.40","3.08B","1.00%"
"02/02/2021","12,053.25","11,921.70","12,102.60","11,916.65","3.12B","2.41%"
"02/01/2021","11,770.15","11,396.90","11,806.45","11,304.00","3.21B","4.14%"
"01/29/2021","11,302.40","11,549.85","11,568.90","11,273.55","2.76B","-1.22%"
"01/28/2021","11,442.55","11,419.30","11,503.20","11,365.85","2.95B","-0.90%"
"01/27/2021","11,546.35","11,744.30","11,744.30","11,511.55","2.60B","-1.68%"
"01/25/2021","11,743.70","11,951.10","11,968.40","11,719.55","2.69B","-0.93%"
"01/22/2021","11,854.50","12,020.30","12,053.10","11,842.40","3.04B","-1.34%"
"01/21/2021","12,015.95","12,154.70","12,167.95","11,959.60","2.73B","-0.52%"
"01/20/2021","12,078.35","12,002.10","12,092.05","11,987.60","2.41B","0.81%"
"01/19/2021","11,981.85","11,851.15","11,993.30","11,849.15","2.21B","1.75%"
"01/18/2021","11,776.20","11,943.65","11,948.20","11,733.35","2.84B","-1.30%"
"01/15/2021","11,931.20","12,078.60","12,100.85","11,864.05","3.92B","-1.15%"
"01/14/2021","12,069.50","12,043.40","12,081.55","11,976.15","2.48B","0.24%"
"01/13/2021","12,041.10","12,123.00","12,133.40","11,925.00","3.84B","-0.14%"
"01/12/2021","12,058.35","12,000.80","12,083.70","11,969.75","3.50B","0.43%"
"01/11/2021","12,006.50","12,024.65","12,024.65","11,921.75","2.41B","0.68%"
"01/08/2021","11,925.60","11,865.50","11,940.45","11,841.85","2.87B","1.36%"
"01/07/2021","11,766.10","11,833.60","11,834.40","11,753.80","2.92B","0.24%"
"01/06/2021","11,737.90","11,806.75","11,817.10","11,640.15","3.21B","-0.25%"
"01/05/2021","11,767.00","11,647.60","11,780.80","11,613.50","2.86B","0.64%"
"01/04/2021","11,691.80","11,651.50","11,703.25","11,542.15","3.24B","1.01%"
"01/01/2021","11,574.85","11,535.85","11,594.85","11,532.60","2.20B","0.49%"